-- phpMyAdmin SQL Dump
-- version 5.2.1
-- https://www.phpmyadmin.net/
--
-- Host: 127.0.0.1
-- Generation Time: Sep 19, 2023 at 10:39 AM
-- Server version: 10.4.28-MariaDB
-- PHP Version: 8.2.4

SET SQL_MODE = "NO_AUTO_VALUE_ON_ZERO";
START TRANSACTION;
SET time_zone = "+00:00";


/*!40101 SET @OLD_CHARACTER_SET_CLIENT=@@CHARACTER_SET_CLIENT */;
/*!40101 SET @OLD_CHARACTER_SET_RESULTS=@@CHARACTER_SET_RESULTS */;
/*!40101 SET @OLD_COLLATION_CONNECTION=@@COLLATION_CONNECTION */;
/*!40101 SET NAMES utf8mb4 */;

--
-- Database: `adminpanel`
--

-- --------------------------------------------------------

--
-- Table structure for table `add_salary_slip`
--

CREATE TABLE `add_salary_slip` (
  `Idd` int(11) NOT NULL,
  `user_id` varchar(150) NOT NULL,
  `desig_id` varchar(150) NOT NULL,
  `dept_id` varchar(150) NOT NULL,
  `project_name` varchar(255) NOT NULL,
  `location` varchar(200) NOT NULL,
  `account_number` varchar(200) NOT NULL,
  `bank_name` varchar(200) NOT NULL,
  `branch_name` varchar(200) NOT NULL,
  `ifsc_code` varchar(200) NOT NULL,
  `basic` varchar(200) NOT NULL,
  `hra_no` varchar(200) NOT NULL,
  `cca` varchar(200) NOT NULL,
  `Provident_fund@ 12%` varchar(200) NOT NULL,
  `advance` varchar(200) NOT NULL,
  `esi@ 0.75%` varchar(200) NOT NULL,
  `special_all(SPL)` varchar(200) NOT NULL,
  `monthly_bonus` varchar(200) NOT NULL,
  `other_all` varchar(200) NOT NULL,
  `Professional_tax` varchar(200) NOT NULL,
  `lwa_amount` varchar(200) NOT NULL,
  `lop_amounts` varchar(200) NOT NULL,
  `gross_earning` varchar(200) NOT NULL COMMENT 'total_earninig is now gross_earning',
  `total_deductions` varchar(200) NOT NULL,
  `salary_in_words` varchar(200) NOT NULL,
  `net_payble` varchar(200) NOT NULL,
  `Provident_funds@ 13%` varchar(200) NOT NULL,
  `working_day` varchar(200) NOT NULL,
  `esi_@ 3.25%` varchar(200) NOT NULL,
  `total_days` varchar(200) NOT NULL,
  `accident_insurance` varchar(200) NOT NULL,
  `leave_taken` varchar(200) NOT NULL,
  `loss_of_pay` varchar(200) NOT NULL,
  `total_contribution` varchar(200) NOT NULL,
  `ctc_wages` varchar(200) NOT NULL,
  `month` varchar(150) NOT NULL,
  `year` varchar(150) NOT NULL,
  `amount` varchar(150) NOT NULL,
  `gross_salary` varchar(150) NOT NULL,
  `total_payble` varchar(150) NOT NULL,
  `date_of_salary_transfer` varchar(200) NOT NULL,
  `salary_release_mode` varchar(200) NOT NULL,
  `overtime` varchar(200) NOT NULL,
  `expenses` varchar(200) NOT NULL COMMENT 'New Added',
  `deductions` varchar(200) NOT NULL COMMENT 'New Added',
  `created_on` timestamp NOT NULL DEFAULT current_timestamp(),
  `UpdatedOn` datetime DEFAULT NULL ON UPDATE current_timestamp()
) ENGINE=InnoDB DEFAULT CHARSET=utf8mb4 COLLATE=utf8mb4_general_ci;

--
-- Dumping data for table `add_salary_slip`
--

INSERT INTO `add_salary_slip` (`Idd`, `user_id`, `desig_id`, `dept_id`, `project_name`, `location`, `account_number`, `bank_name`, `branch_name`, `ifsc_code`, `basic`, `hra_no`, `cca`, `Provident_fund@ 12%`, `advance`, `esi@ 0.75%`, `special_all(SPL)`, `monthly_bonus`, `other_all`, `Professional_tax`, `lwa_amount`, `lop_amounts`, `gross_earning`, `total_deductions`, `salary_in_words`, `net_payble`, `Provident_funds@ 13%`, `working_day`, `esi_@ 3.25%`, `total_days`, `accident_insurance`, `leave_taken`, `loss_of_pay`, `total_contribution`, `ctc_wages`, `month`, `year`, `amount`, `gross_salary`, `total_payble`, `date_of_salary_transfer`, `salary_release_mode`, `overtime`, `expenses`, `deductions`, `created_on`, `UpdatedOn`) VALUES
(1, '2', '2', '2', 'HELPDESK', 'VILL-SAMOTAKABASPO-KACHRODATEHSIL-PHULERADISTJAIYPURRAJASTHAN303338', '53730100001708', 'BANK OF BARODA', 'KANCHRODA', 'BARB0KANJAI', '8658', '4329', '0', '1039', '0', '140', '848', '0', '4897', '0', '0', '0', '18732', '0', 'SEVENTEEN THOUSAND FIVE HUNDRED AND FIFTY THREE', '0', '1126', '21', '609', '26', '0', '0', '0', '1735', '0', '4', '2023', '0', '0', '17553', '2023-05-02', 'NEFT', '0', '0', '1179', '2023-09-12 10:02:22', NULL),
(2, '3', '2', '4', 'HELPDESK', '24PEMALATIHADAKHETRIDISTJHUNJHUNU', '20275308772', 'SBI BANK', 'KHETRI', 'HDFC0003443', '8658', '2165', '0', '1039', '0', '106', '684', '0', '2608', '0', '0', '0', '14115', '0', 'TWELVE THOUSAND NINE HUNDRED AND SEVENTY', '0', '1126', '21', '459', '26', '0', '0', '0', '1585', '0', '4', '2023', '0', '0', '12970', '2023-05-02', 'NEFT', '0', '0', '1145', '2023-09-12 10:03:28', NULL),
(3, '4', '2', '2', 'HELPDESK', 'D-3MAZDOORNAGARAJMERROADJAIPUR', '3569000100098300', 'PUNJAB NATIONAL BANK', 'KHETRI', 'PUNB03569', '8658', '2165', '0', '1039', '0', '106', '684', '0', '2608', '0', '0', '0', '14115', '0', 'TWELVE THOUSAND NINE HUNDRED AND SEVENTY', '0', '1126', '21', '459', '26', '0', '0', '0', '1585', '0', '4', '2023', '0', '0', '12970', '2023-05-02', 'NEFT', '0', '0', '1145', '2023-09-12 10:04:16', NULL),
(4, '5', '2', '2', 'HELPDESK', 'TIWARIBHAWANNEARSBIBANKWARDNO10SIKANDRAROADBANDIKUIDIST-DAUSA303313', '50100356849707', 'HDFC BANK', 'KANCHRODA', 'HDFC0003443', '8658', '2165', '0', '1039', '0', '106', '848', '0', '2443', '0', '0', '0', '14114', '0', 'TWELVE THOUSAND NINE HUNDRED AND SIXTY NINE', '0', '1126', '23', '459', '28', '0', '0', '0', '1585', '0', '4', '2023', '0', '0', '12969', '2023-05-02', 'NEFT', '0', '0', '1145', '2023-09-12 10:06:19', NULL),
(5, '6', '2', '2', 'HELPDESK', '88ALANKARVIHARSIRSIROADJAIPURRAJASTHAN302034', '177310100091027', 'UNION BANK OF INDIA', 'PANWAR', 'UBIN0817732', '7358', '1104', '0', '883', '0', '73', '675', '0', '590', '0', '0', '0', '9727', '0', 'EIGHT THOUSAND SEVEN HUNDRED AND SEVENTY ONE', '0', '957', '23', '316', '28', '0', '0', '0', '1273', '0', '4', '2023', '0', '0', '8771', '2023-05-02', 'NEFT', '0', '0', '956', '2023-09-12 10:07:09', NULL),
(6, '7', '2', '2', 'HELPDESK', 'KAPOORAWALAMUHANAJAIPURRAJASTHAN-203029', '1246590478', 'KOTAK MAHINDRA BANK', 'KHETRI', 'KKBK0003545', '7358', '1104', '0', '883', '0', '73', '675', '0', '590', '0', '0', '0', '9727', '0', 'EIGHT THOUSAND SEVEN HUNDRED AND SEVENTY ONE', '0', '957', '25', '316', '30', '0', '0', '0', '1273', '0', '4', '2023', '0', '0', '8771', '2023-05-02', 'NEFT', '0', '0', '956', '2023-09-12 10:08:01', NULL),
(7, '8', '2', '2', 'HELPDESK', '17RAMPURAURFKANWARPURABEELWAJAIPURRAJASTHAN', '50100316086086', 'HDFC BANK', 'KANWARPURA ', 'HDFC0002838', '8658', '4329', '0', '1039', '0', '133', '715', '0', '4094', '0', '0', '0', '17796', '0', 'SIXTEEN THOUSAND SIX HUNDRED AND TWENTY FOUR', '0', '1126', '24', '578', '29', '0', '0', '0', '1704', '0', '4', '2023', '0', '0', '16624', '2023-05-02', 'NEFT', '0', '0', '1172', '2023-09-12 10:09:17', NULL),
(8, '9', '2', '2', 'HELPDESK', '37CHANDRAKALACOLONYDURGAPURAJAIPUR', '61000925089', 'SBI BANK', 'SANGANER ', 'SBIN0031765', '8658', '2165', '0', '1039', '0', '101', '771', '0', '1843', '0', '0', '0', '13437', '0', 'TWELVE THOUSAND TWO HUNDRED AND NINETY SEVEN', '0', '1126', '24', '437', '29', '0', '0', '0', '1563', '0', '4', '2023', '0', '0', '12297', '2023-05-02', 'NEFT', '0', '0', '1140', '2023-09-12 10:10:43', NULL),
(9, '10', '2', '2', 'HELPDESK', 'BHAMUKIDHANIWARDNO16REENGUSSIKARRAJASTHAN332402', '61164153274', 'SBI BANK', 'REENGUS', 'SBIN0032001', '7358', '1104', '0', '883', '0', '80', '620', '0', '1613', '0', '0', '0', '10695', '0', 'NINE THOUSAND SEVEN HUNDRED AND THIRTY TWO', '0', '957', '24', '348', '29', '0', '0', '0', '1305', '0', '4', '2023', '0', '0', '9732', '2023-05-02', 'NEFT', '0', '0', '963', '2023-09-12 10:11:36', NULL),
(10, '11', '2', '2', 'HELPDESK', 'VILL-BAMANPURATAHSIL-KATHUMARDIST-ALWARRAJASTHAN', '32546534401', 'SBI BANK', 'NAGAR ALWAR', 'SBIN0006094', '7358', '1104', '0', '883', '0', '80', '620', '0', '1613', '0', '0', '0', '10695', '0', 'NINE THOUSAND SEVEN HUNDRED AND THIRTY TWO', '0', '957', '25', '348', '30', '0', '0', '0', '1305', '0', '4', '2023', '0', '0', '9732', '2023-05-02', 'NEFT', '0', '0', '963', '2023-09-12 10:12:32', NULL),
(11, '17', '2', '2', 'HELPDESK', 'KAPOORAWALAMUHANAJAIPURRAJASTHAN-203029', '50100526485652', 'HDFC BANK', 'TONK ROAD', 'HDFC0000644', '8658', '2165', '0', '1039', '0', '101', '771', '0', '1843', '0', '0', '0', '13437', '0', 'TWELVE THOUSAND TWO HUNDRED AND NINETY SEVEN', '0', '1126', '25', '437', '30', '0', '0', '0', '1563', '0', '4', '2023', '0', '0', '12297', '2023-05-02', 'NEFT', '0', '0', '1140', '2023-09-12 10:14:12', '2023-09-12 10:15:06'),
(12, '12', '2', '2', 'HELPDESK', 'TEENBADMANDRAYALRODEKARAULIRAJASTHAN-322241', '37895341368', 'SBI BANK', 'KARAULI', 'SBIN0004191', '7358', '1104', '0', '883', '0', '73', '675', '0', '590', '0', '0', '0', '9727', '0', 'EIGHT THOUSAND SEVEN HUNDRED AND SEVENTY ONE', '0', '957', '27', '316', '32', '0', '0', '0', '1273', '0', '4', '2023', '0', '0', '8771', '2023-05-02', 'NEFT', '0', '0', '956', '2023-09-12 10:16:17', NULL),
(13, '13', '2', '2', 'HELPDESK', 'A-47JAIMATAVAISHNONAGARGAJSINGHPURAAJMERROADJAIPUR302024', '2211221442290851', 'AU SMALL FINANCE BANK', 'MANSAROVAR MADHYAM MARG', 'AUBL0002214', '7358', '1104', '0', '883', '0', '77', '1171', '0', '578', '0', '0', '0', '10211', '0', 'NINE THOUSAND TWO HUNDRED AND FIFTY ONE', '0', '957', '14', '332', '14', '0', '0', '0', '1289', '0', '4', '2023', '0', '0', '9251', '2023-05-02', 'NEFT', '0', '0', '960', '2023-09-12 10:17:21', NULL),
(14, '14', '2', '2', 'HELPDESK', 'MURLIPURAJAIPURRAJASTHAN-302039', '743210110003203', 'BOI', 'MURLIPURA', 'BKID0007482', '7358', '1104', '0', '883', '0', '80', '620', '0', '1613', '0', '0', '0', '10695', '0', 'NINE THOUSAND SEVEN HUNDRED AND THIRTY TWO', '0', '957', '25', '348', '30', '0', '0', '0', '1305', '0', '4', '2023', '0', '0', '9732', '2023-05-02', 'NEFT', '0', '0', '963', '2023-09-12 10:18:23', NULL),
(15, '15', '2', '2', 'HELPDESK', 'SURYANAGARDILHIBHIAPASSGATRAMGANGBAZARJAUPURRAJASTHAN302003', '34204719114', 'SBI BANK', 'TRANSPORTNAGAR, JAIPUR', 'SBIN0006827  ', '7046', '257', '0', '846', '0', '59', '0', '0', '527', '0', '0', '0', '7830', '0', 'SIX THOUSAND NINE HUNDRED AND TWENTY FIVE', '0', '916', '25', '254', '30', '0', '0', '0', '1170', '0', '4', '2023', '0', '0', '6925', '2023-05-02', 'NEFT', '0', '0', '905', '2023-09-12 10:19:39', NULL),
(16, '16', '2', '2', 'HELPDESK', '113KAILASHNAGARJHOTWARAJAIPUR', '023501 545695', 'ICICI BANK', 'VAISHALI NAGAR', 'ICIC0000235', '8658', '2165', '0', '1039', '0', '113', '856', '0', '3446', '0', '0', '0', '15125', '0', 'THIRTEEN THOUSAND NINE HUNDRED AND SEVENTY THREE', '0', '1126', '25', '492', '30', '0', '0', '0', '1618', '0', '4', '2023', '0', '0', '13973', '2023-05-02', 'NEFT', '0', '0', '1152', '2023-09-12 10:20:36', NULL),
(17, '21', '4', '3', 'LTSCRM', 'C-BLOCK63HOSHIYARPURNOIDA51', '745202010001229', 'UNION BANK OF INDIA', 'AFLEPUR', 'UBIN0574520', '13500', '5000', '0', '2475', '0', '155', '1250', '0', '2495', '0', '0', '0', '20625', '0', 'TWENTY THOUSAND SIX HUNDRED AND TWENTY FIVE', '20625', '2681', '22', '670', '27', '0', '0', '0', '1755', '0', '4', '2023', '0', '0', '20625', '2023-05-02', 'NEFT', '0', '0', '1620', '2023-09-12 10:21:30', NULL),
(18, '2', '2', '2', 'HELPDESK', 'VILL-SAMOTAKABASPO-KACHRODATEHSIL-PHULERADISTJAIYPURRAJASTHAN303338', '53730100001708', 'BANK OF BARODA', 'KANCHRODA', 'BARB0KANJAI', '8658', '4329', '0', '1039', '0', '140', '848', '0', '4897', '0', '0', '0', '18732', '0', 'SEVENTEEN THOUSAND FIVE HUNDRED AND FIFTY THREE', '0', '1126', '27', '609', '31', '0', '0', '0', '1735', '0', '5', '2023', '0', '0', '17553', '2023-06-10', 'NEFT', '0', '0', '1179', '2023-09-12 10:23:17', NULL),
(19, '3', '2', '4', 'HELPDESK', '24PEMALATIHADAKHETRIDISTJHUNJHUNU', '20275308772', 'SBI BANK', 'KHETRI', 'HDFC0003443', '8658', '2165', '0', '1039', '0', '106', '684', '0', '2608', '0', '0', '0', '14115', '0', 'TWELVE THOUSAND NINE HUNDRED AND SEVENTY', '0', '1126', '25', '459', '29', '0', '0', '0', '1585', '0', '5', '2023', '0', '0', '12970', '2023-06-10', 'NEFT', '0', '0', '1145', '2023-09-12 10:24:10', NULL),
(20, '4', '2', '2', 'HELPDESK', 'D-3MAZDOORNAGARAJMERROADJAIPUR', '3569000100098300', 'PUNJAB NATIONAL BANK', 'KHETRI', 'PUNB03569', '8658', '2165', '0', '1039', '0', '106', '684', '0', '2608', '0', '0', '0', '14115', '0', 'TWELVE THOUSAND NINE HUNDRED AND SEVENTY', '0', '1126', '', '459', '31', '0', '0', '0', '1585', '0', '5', '2023', '0', '0', '12970', '2023-06-10', 'NEFT', '0', '0', '1145', '2023-09-12 10:25:24', NULL),
(21, '5', '2', '2', 'HELPDESK', 'TIWARIBHAWANNEARSBIBANKWARDNO10SIKANDRAROADBANDIKUIDIST-DAUSA303313', '50100356849707', 'HDFC BANK', 'KANCHRODA', 'HDFC0003443', '8658', '2165', '0', '1039', '0', '106', '848', '0', '2443', '0', '0', '0', '14114', '0', 'TWELVE THOUSAND NINE HUNDRED AND SIXTY NINE', '0', '1126', '27', '459', '31', '0', '0', '0', '1585', '0', '5', '2023', '0', '0', '12969', '2023-06-10', 'NEFT', '0', '0', '1145', '2023-09-12 10:26:57', NULL),
(22, '6', '2', '2', 'HELPDESK', '88ALANKARVIHARSIRSIROADJAIPURRAJASTHAN302034', '177310100091027', 'UNION BANK OF INDIA', 'PANWAR', 'UBIN0817732', '7358', '1104', '0', '883', '0', '73', '675', '0', '590', '0', '0', '0', '9727', '0', 'EIGHT THOUSAND SEVEN HUNDRED AND SEVENTY ONE', '0', '957', '27', '316', '31', '0', '0', '0', '1273', '0', '5', '2023', '0', '0', '8771', '2023-06-10', 'NEFT', '0', '0', '956', '2023-09-12 10:27:34', NULL),
(23, '7', '2', '2', 'HELPDESK', 'KAPOORAWALAMUHANAJAIPURRAJASTHAN-203029', '1246590478', 'KOTAK MAHINDRA BANK', 'KHETRI', 'KKBK0003545', '7358', '1104', '0', '883', '0', '73', '675', '0', '590', '0', '0', '0', '9727', '0', 'EIGHT THOUSAND SEVEN HUNDRED AND SEVENTY ONE', '0', '957', '27', '316', '31', '0', '0', '0', '1273', '0', '5', '2023', '0', '0', '8771', '2023-06-10', 'NEFT', '0', '0', '956', '2023-09-12 10:28:13', NULL),
(24, '8', '2', '2', 'HELPDESK', '17RAMPURAURFKANWARPURABEELWAJAIPURRAJASTHAN', '50100316086086', 'HDFC BANK', 'KANWARPURA ', 'HDFC0002838', '8658', '4329', '0', '1039', '0', '133', '715', '0', '4094', '0', '0', '0', '17796', '0', 'SIXTEEN THOUSAND SIX HUNDRED AND TWENTY FOUR', '0', '1126', '27', '578', '31', '0', '0', '0', '1704', '0', '5', '2023', '0', '0', '16624', '2023-06-10', 'NEFT', '0', '0', '1172', '2023-09-12 10:29:23', NULL),
(25, '9', '2', '2', 'HELPDESK', '37CHANDRAKALACOLONYDURGAPURAJAIPUR', '61000925089', 'SBI BANK', 'SANGANER ', 'SBIN0031765', '8658', '2165', '0', '1039', '0', '101', '771', '0', '1843', '0', '0', '0', '13437', '0', 'TWELVE THOUSAND TWO HUNDRED AND NINETY SEVEN', '0', '1126', '27', '437', '31', '0', '0', '0', '1563', '0', '5', '2023', '0', '0', '12297', '2023-06-10', 'NEFT', '0', '0', '1140', '2023-09-12 10:30:12', NULL),
(26, '10', '2', '2', 'HELPDESK', 'BHAMUKIDHANIWARDNO16REENGUSSIKARRAJASTHAN332402', '61164153274', 'SBI BANK', 'REENGUS', 'SBIN0032001', '7358', '1104', '0', '883', '0', '80', '620', '0', '1613', '0', '0', '0', '10695', '0', 'NINE THOUSAND SEVEN HUNDRED AND THIRTY TWO', '0', '957', '27', '348', '31', '0', '0', '0', '1305', '0', '5', '2023', '0', '0', '9732', '2023-06-10', 'NEFT', '0', '0', '963', '2023-09-12 10:31:19', NULL),
(27, '11', '2', '2', 'HELPDESK', 'VILL-BAMANPURATAHSIL-KATHUMARDIST-ALWARRAJASTHAN', '32546534401', 'SBI BANK', 'NAGAR ALWAR', 'SBIN0006094', '7358', '1104', '0', '883', '0', '80', '620', '0', '1613', '0', '0', '0', '10695', '0', 'NINE THOUSAND SEVEN HUNDRED AND THIRTY TWO', '0', '957', '27', '348', '31', '0', '0', '0', '1305', '0', '5', '2023', '0', '0', '9732', '2023-06-10', 'NEFT', '0', '0', '963', '2023-09-12 10:32:14', NULL),
(28, '17', '2', '2', 'HELPDESK', 'KAPOORAWALAMUHANAJAIPURRAJASTHAN-203029', '50100526485652', 'HDFC BANK', 'TONK ROAD', 'HDFC0000644', '8658', '2165', '0', '1039', '0', '101', '771', '0', '1843', '0', '0', '0', '13437', '0', 'TWELVE THOUSAND TWO HUNDRED AND NINETY SEVEN', '0', '1126', '21', '437', '25', '0', '0', '0', '1563', '0', '5', '2023', '0', '0', '12297', '2023-09-12', 'NEFT', '0', '0', '1140', '2023-09-12 10:33:29', NULL),
(29, '12', '2', '2', 'HELPDESK', 'TEENBADMANDRAYALRODEKARAULIRAJASTHAN-322241', '37895341368', 'SBI BANK', 'KARAULI', 'SBIN0004191', '7358', '1104', '0', '883', '0', '73', '675', '0', '590', '0', '0', '0', '9727', '0', 'EIGHT THOUSAND SEVEN HUNDRED AND SEVENTY ONE', '0', '957', '27', '316', '31', '0', '0', '0', '1273', '0', '5', '2023', '0', '0', '8771', '2023-06-10', 'NEFT', '0', '0', '956', '2023-09-12 10:34:37', NULL),
(30, '13', '2', '2', 'HELPDESK', 'A-47JAIMATAVAISHNONAGARGAJSINGHPURAAJMERROADJAIPUR302024', '2211221442290851', 'AU SMALL FINANCE BANK', 'MANSAROVAR MADHYAM MARG', 'AUBL0002214', '7358', '1104', '0', '883', '0', '77', '1171', '0', '578', '0', '0', '0', '10211', '0', 'NINE THOUSAND TWO HUNDRED AND FIFTY ONE', '0', '957', '27', '332', '31', '0', '0', '0', '1289', '0', '5', '2023', '0', '0', '9251', '2023-06-10', 'NEFT', '0', '0', '960', '2023-09-12 10:35:26', NULL),
(31, '14', '2', '2', 'HELPDESK', 'MURLIPURAJAIPURRAJASTHAN-302039', '743210110003203', 'BOI', 'MURLIPURA', 'BKID0007482', '7358', '1104', '0', '883', '0', '80', '620', '0', '1613', '0', '0', '0', '10695', '0', 'NINE THOUSAND SEVEN HUNDRED AND THIRTY TWO', '0', '957', '27', '348', '31', '0', '0', '0', '1305', '0', '5', '2023', '0', '0', '9732', '2023-06-10', 'NEFT', '0', '0', '963', '2023-09-12 10:36:27', NULL),
(32, '15', '2', '2', 'HELPDESK', 'SURYANAGARDILHIBHIAPASSGATRAMGANGBAZARJAUPURRAJASTHAN302003', '34204719114', 'SBI BANK', 'TRANSPORTNAGAR, JAIPUR', 'SBIN0006827  ', '7046', '257', '0', '846', '0', '59', '0', '0', '527', '0', '0', '0', '7830', '0', 'SIX THOUSAND NINE HUNDRED AND TWENTY FIVE', '0', '916', '27', '254', '31', '0', '0', '0', '1170', '0', '5', '2023', '0', '0', '6925', '2023-06-10', 'NEFT', '0', '0', '905', '2023-09-12 10:37:07', NULL),
(33, '16', '2', '2', 'HELPDESK', '113KAILASHNAGARJHOTWARAJAIPUR', '023501 545695', 'ICICI BANK', 'VAISHALI NAGAR', 'ICIC0000235', '8658', '2165', '0', '1039', '0', '113', '856', '0', '3446', '0', '0', '0', '15125', '0', 'THIRTEEN THOUSAND NINE HUNDRED AND SEVENTY THREE', '0', '1126', '27', '492', '31', '0', '0', '0', '1618', '0', '5', '2023', '0', '0', '13973', '2023-06-10', 'NEFT', '0', '0', '1152', '2023-09-12 10:38:05', NULL),
(34, '21', '4', '3', 'LTSCRM', 'C-BLOCK63HOSHIYARPURNOIDA51', '745202010001229', 'UNION BANK OF INDIA', 'AFLEPUR', 'UBIN0574520', '13500', '5000', '0', '1620', '0', '0', '1250', '0', '2495', '0', '0', '0', '22245', '0', 'TWENTY THOUSAND SIX HUNDRED AND TWENTY FIVE', '0', '1755', '23', '0', '28', '0', '0', '0', '1755', '0', '5', '2023', '0', '0', '20625', '2023-06-10', 'NEFT', '0', '0', '1620', '2023-09-12 10:39:13', NULL),
(35, '22', '4', '3', 'LTSCRM', 'Y-94SECTOR-12NOIDA', '50100520848587', 'HDFC BANK', 'GAUTAM BUDH NAGAR', 'HDFC0001603', '26525', '10610', '0', '1800', '0', '0', '2498', '0', '13417', '0', '0', '0', '53050', '0', 'FIFTY ONE THOUSAND TWO HUNDRED AND FIFTY', '0', '1950', '27', '0', '31', '0', '0', '0', '1950', '0', '5', '2023', '0', '0', '51250', '2023-06-10', 'NEFT', '0', '0', '1800', '2023-09-12 10:40:02', NULL),
(36, '23', '2', '5', 'HELPDESK', 'RAJENDRA SINGH ,GARHI,GHAZIABAD 201001', '50210033576679', 'BANDHAN BANK', 'INDIRAPURAM', 'BDBL0001816', '15500', '0', '0', '0', '0', '116', '0', '0', '0', '0', '0', '0', '15500', '0', 'FIFTEEN THOUSAND THREE HUNDRED AND EIGHTY FOUR', '0', '0', '20', '504', '25', '0', '0', '0', '504', '0', '4', '2023', '0', '0', '15384', '2023-05-02', 'NEFT', '0', '0', '116', '2023-09-12 10:41:21', NULL),
(37, '23', '2', '5', 'HELPDESK', 'RAJENDRA SINGH ,GARHI,GHAZIABAD 201001', '50210033576679', 'BANDHAN BANK', 'INDIRAPURAM', 'BDBL0001816', '15500', '0', '0', '0', '0', '116', '0', '0', '0', '0', '0', '0', '15500', '0', 'FIFTEEN THOUSAND THREE HUNDRED AND EIGHTY FOUR', '0', '0', '20', '504', '24', '0', '0', '0', '504', '0', '5', '2023', '0', '0', '15384', '2023-06-10', 'NEFT', '0', '0', '116', '2023-09-12 10:42:34', NULL),
(38, '2', '2', '2', 'HELPDESK', 'VILL-SAMOTAKABASPO-KACHRODATEHSIL-PHULERADISTJAIYPURRAJASTHAN303338', '53730100001708', 'BANK OF BARODA', 'KANCHRODA', 'BARB0KANJAI', '8658', '4329', '0', '1039', '0', '140', '848', '0', '4897', '0', '0', '0', '18732', '0', 'SEVENTEEN THOUSAND FIVE HUNDRED AND FIFTY THREE', '0', '1126', '25', '609', '29', '0', '0', '0', '1735', '0', '6', '2023', '0', '0', '17553', '2023-07-10', 'NEFT', '0', '0', '1179', '2023-09-12 10:44:04', NULL),
(39, '3', '2', '4', 'HELPDESK', '24PEMALATIHADAKHETRIDISTJHUNJHUNU', '20275308772', 'SBI BANK', 'KHETRI', 'HDFC0003443', '8658', '2165', '0', '1039', '0', '106', '684', '0', '2608', '0', '0', '0', '14115', '0', 'TWELVE THOUSAND NINE HUNDRED AND SEVENTY', '0', '1126', '25', '459', '29', '0', '0', '0', '1585', '0', '6', '2023', '0', '0', '12970', '2023-07-10', 'NEFT', '0', '0', '1145', '2023-09-12 10:45:05', NULL),
(40, '4', '2', '2', 'HELPDESK', 'D-3MAZDOORNAGARAJMERROADJAIPUR', '3569000100098300', 'PUNJAB NATIONAL BANK', 'KHETRI', 'PUNB03569', '8658', '2165', '0', '1039', '0', '106', '684', '0', '2608', '0', '0', '0', '14115', '0', 'TWELVE THOUSAND NINE HUNDRED AND SEVENTY', '0', '1126', '23', '459', '27', '0', '0', '0', '1585', '0', '6', '2023', '0', '0', '12970', '2023-07-10', 'NEFT', '0', '0', '1145', '2023-09-12 10:45:55', NULL),
(41, '5', '2', '2', 'HELPDESK', 'TIWARIBHAWANNEARSBIBANKWARDNO10SIKANDRAROADBANDIKUIDIST-DAUSA303313', '50100356849707', 'HDFC BANK', 'KANCHRODA', 'HDFC0003443', '8658', '2165', '0', '1039', '0', '106', '848', '0', '2443', '0', '0', '0', '14114', '0', 'TWELVE THOUSAND NINE HUNDRED AND SIXTY NINE', '0', '1126', '25', '459', '29', '0', '0', '0', '1585', '0', '6', '2023', '0', '0', '12969', '2023-07-10', 'NEFT', '0', '0', '1145', '2023-09-12 10:46:35', NULL),
(42, '6', '2', '2', 'HELPDESK', '88ALANKARVIHARSIRSIROADJAIPURRAJASTHAN302034', '177310100091027', 'UNION BANK OF INDIA', 'PANWAR', 'UBIN0817732', '7358', '1104', '0', '883', '0', '73', '675', '0', '590', '0', '0', '0', '9727', '0', 'EIGHT THOUSAND SEVEN HUNDRED AND SEVENTY ONE', '0', '957', '24', '316', '28', '0', '0', '0', '1273', '0', '6', '2023', '0', '0', '8771', '2023-07-10', 'NEFT', '0', '0', '956', '2023-09-12 10:47:28', NULL),
(43, '7', '2', '2', 'HELPDESK', 'KAPOORAWALAMUHANAJAIPURRAJASTHAN-203029', '1246590478', 'KOTAK MAHINDRA BANK', 'KHETRI', 'KKBK0003545', '7358', '1104', '0', '883', '0', '73', '675', '0', '590', '0', '0', '0', '9727', '0', 'EIGHT THOUSAND SEVEN HUNDRED AND SEVENTY ONE', '0', '957', '26', '316', '30', '0', '0', '0', '1273', '0', '6', '2023', '0', '0', '8771', '2023-07-10', 'NEFT', '0', '0', '956', '2023-09-12 10:48:34', NULL),
(44, '8', '2', '2', 'HELPDESK', '17RAMPURAURFKANWARPURABEELWAJAIPURRAJASTHAN', '50100316086086', 'HDFC BANK', 'KANWARPURA ', 'HDFC0002838', '8658', '4329', '0', '1039', '0', '133', '715', '0', '4094', '0', '0', '0', '17796', '0', 'SIXTEEN THOUSAND SIX HUNDRED AND TWENTY FOUR', '0', '1126', '26', '578', '30', '0', '0', '0', '1704', '0', '6', '2023', '0', '0', '16624', '2023-07-10', 'NEFT', '0', '0', '1172', '2023-09-12 10:49:27', NULL),
(45, '9', '2', '2', 'HELPDESK', '37CHANDRAKALACOLONYDURGAPURAJAIPUR', '61000925089', 'SBI BANK', 'SANGANER ', 'SBIN0031765', '8658', '2165', '0', '1039', '0', '101', '771', '0', '1843', '0', '0', '0', '13437', '0', 'TWELVE THOUSAND TWO HUNDRED AND NINETY SEVEN', '0', '1126', '', '437', '30', '0', '0', '0', '1563', '0', '6', '2023', '0', '0', '12297', '2023-07-10', 'NEFT', '0', '0', '1140', '2023-09-12 10:50:11', NULL),
(46, '10', '2', '2', 'HELPDESK', 'BHAMUKIDHANIWARDNO16REENGUSSIKARRAJASTHAN332402', '61164153274', 'SBI BANK', 'REENGUS', 'SBIN0032001', '7358', '1104', '0', '883', '0', '80', '620', '0', '1613', '0', '0', '0', '10695', '0', 'NINE THOUSAND SEVEN HUNDRED AND THIRTY TWO', '0', '957', '26', '348', '30', '0', '0', '0', '1305', '0', '6', '2023', '0', '0', '9732', '2023-07-10', 'NEFT', '0', '0', '963', '2023-09-12 10:51:22', NULL),
(47, '11', '2', '2', 'HELPDESK', 'VILL-BAMANPURATAHSIL-KATHUMARDIST-ALWARRAJASTHAN', '32546534401', 'SBI BANK', 'NAGAR ALWAR', 'SBIN0006094', '7358', '1104', '0', '883', '0', '80', '620', '0', '1613', '0', '0', '0', '10695', '0', 'NINE THOUSAND SEVEN HUNDRED AND THIRTY TWO', '0', '957', '24', '348', '30', '0', '0', '0', '1305', '0', '6', '2023', '0', '0', '9732', '2023-07-10', 'NEFT', '0', '0', '963', '2023-09-12 10:52:32', NULL),
(48, '17', '2', '2', 'HELPDESK', 'KAPOORAWALAMUHANAJAIPURRAJASTHAN-203029', '50100526485652', 'HDFC BANK', 'TONK ROAD', 'HDFC0000644', '8658', '2165', '0', '1039', '0', '101', '771', '0', '1843', '0', '0', '0', '13437', '0', 'TWELVE THOUSAND TWO HUNDRED AND NINETY SEVEN', '0', '1126', '26', '437', '30', '0', '0', '0', '1563', '0', '6', '2023', '0', '0', '12297', '2023-07-10', 'NEFT', '0', '0', '1140', '2023-09-12 10:54:26', NULL),
(49, '12', '2', '2', 'HELPDESK', 'TEENBADMANDRAYALRODEKARAULIRAJASTHAN-322241', '37895341368', 'SBI BANK', 'KARAULI', 'SBIN0004191', '7358', '1104', '0', '883', '0', '73', '675', '0', '590', '0', '0', '0', '9727', '0', 'EIGHT THOUSAND SEVEN HUNDRED AND SEVENTY ONE', '0', '957', '26', '316', '30', '0', '0', '0', '1273', '0', '6', '2023', '0', '0', '8771', '2023-07-10', 'NEFT', '0', '0', '956', '2023-09-12 10:58:30', NULL),
(50, '13', '2', '2', 'HELPDESK', 'A-47JAIMATAVAISHNONAGARGAJSINGHPURAAJMERROADJAIPUR302024', '2211221442290851', 'AU SMALL FINANCE BANK', 'MANSAROVAR MADHYAM MARG', 'AUBL0002214', '7358', '1104', '0', '883', '0', '77', '1171', '0', '578', '0', '0', '0', '10211', '0', 'NINE THOUSAND TWO HUNDRED AND FIFTY ONE', '0', '957', '26', '332', '30', '0', '0', '0', '1289', '0', '6', '2023', '0', '0', '9251', '2023-07-10', 'NEFT', '0', '0', '960', '2023-09-12 10:59:14', NULL),
(51, '14', '2', '2', 'HELPDESK', 'MURLIPURAJAIPURRAJASTHAN-302039', '743210110003203', 'BOI', 'MURLIPURA', 'BKID0007482', '7358', '1104', '0', '883', '0', '80', '620', '0', '1613', '0', '0', '0', '10695', '0', 'NINE THOUSAND SEVEN HUNDRED AND THIRTY TWO', '0', '957', '', '348', '30', '0', '0', '0', '1305', '0', '6', '2023', '0', '0', '9732', '2023-07-10', 'NEFT', '0', '0', '963', '2023-09-12 11:00:09', NULL),
(52, '15', '2', '2', 'HELPDESK', 'SURYANAGARDILHIBHIAPASSGATRAMGANGBAZARJAUPURRAJASTHAN302003', '34204719114', 'SBI BANK', 'TRANSPORTNAGAR, JAIPUR', 'SBIN0006827  ', '7046', '257', '0', '846', '0', '59', '0', '0', '527', '0', '0', '0', '7830', '0', 'SIX THOUSAND NINE HUNDRED AND TWENTY FIVE', '0', '916', '26', '254', '30', '0', '0', '0', '1170', '0', '6', '2023', '0', '0', '6925', '2023-07-10', 'NEFT', '0', '0', '905', '2023-09-12 11:01:11', NULL),
(53, '16', '2', '2', 'HELPDESK', '113KAILASHNAGARJHOTWARAJAIPUR', '023501 545695', 'ICICI BANK', 'VAISHALI NAGAR', 'ICIC0000235', '8658', '2165', '0', '1039', '0', '113', '856', '0', '3446', '0', '0', '0', '15125', '0', 'THIRTEEN THOUSAND NINE HUNDRED AND SEVENTY THREE', '0', '1126', '', '492', '30', '0', '0', '0', '1618', '0', '6', '2023', '0', '0', '13973', '2023-07-10', 'NEFT', '0', '0', '1152', '2023-09-12 11:01:57', NULL),
(54, '18', '2', '2', 'HELPDESK', '197SITARAMNAGARGOPALPURABYEPASSTRIVENINAGARDURGAPURAJAIPUR-302018', '535502010016582', 'UNION BANK OF INDIA', 'DURGAPURA', 'UBIN0553557', '7358', '1104', '0', '883', '0', '73', '675', '0', '590', '0', '0', '0', '9727', '0', 'EIGHT THOUSAND SEVEN HUNDRED AND SEVENTY ONE', '0', '957', '8', '316', '9', '0', '0', '0', '1273', '0', '6', '2023', '0', '0', '8771', '2023-07-10', 'NEFT', '0', '0', '956', '2023-09-12 11:03:10', NULL),
(55, '19', '2', '2', 'HELPDESK', 'VILL-MOHANPURPOSTDOHARKALANNARNAULMGARHHARYANA123001', '1904001700246895', 'PUNJAB NATIONAL BANK', 'BALAWA', 'PUNB0190400', '8658', '2165', '0', '1039', '0', '97', '805', '0', '1325', '0', '0', '0', '12953', '0', 'ELEVEN THOUSAND EIGHT HUNDRED AND SEVENTEEN', '0', '1126', '', '421', '30', '0', '0', '0', '1547', '0', '6', '2023', '0', '0', '11817', '2023-07-10', 'NEFT', '0', '0', '1136', '2023-09-12 11:03:56', NULL),
(56, '23', '2', '5', 'HELPDESK', 'RAJENDRA SINGH ,GARHI,GHAZIABAD 201001', '50210033576679', 'BANDHAN BANK', 'INDIRAPURAM', 'BDBL0001816', '15500', '0', '0', '0', '0', '116', '0', '0', '0', '0', '0', '0', '15500', '0', 'FIFTEEN THOUSAND THREE HUNDRED AND EIGHTY FOUR', '0', '0', '24', '504', '28', '0', '0', '0', '504', '0', '6', '2023', '0', '0', '15384', '2023-07-10', 'NEFT', '0', '0', '116', '2023-09-12 11:04:54', NULL),
(57, '21', '4', '3', 'LTSCRM', 'C-BLOCK63HOSHIYARPURNOIDA51', '745202010001229', 'UNION BANK OF INDIA', 'AFLEPUR', 'UBIN0574520', '13500', '5000', '0', '1620', '0', '0', '1250', '0', '2495', '0', '0', '0', '22245', '0', 'TWENTY THOUSAND SIX HUNDRED AND TWENTY FIVE', '0', '1755', '16', '0', '19', '0', '0', '0', '1755', '0', '6', '2023', '0', '0', '20625', '2023-07-10', 'NEFT', '0', '0', '1620', '2023-09-12 11:05:44', NULL),
(58, '22', '4', '3', 'LTSCRM', 'Y-94SECTOR-12NOIDA', '50100520848587', 'HDFC BANK', 'GAUTAM BUDH NAGAR', 'HDFC0001603', '26525', '10610', '0', '1800', '0', '0', '2498', '0', '13417', '0', '0', '0', '53050', '0', 'FIFTY ONE THOUSAND TWO HUNDRED AND FIFTY', '0', '1950', '26', '0', '30', '0', '0', '0', '1950', '0', '6', '2023', '0', '0', '51250', '2023-07-10', 'NEFT', '0', '0', '1800', '2023-09-12 11:06:45', NULL),
(59, '2', '2', '2', 'HELPDESK', 'VILL-SAMOTAKABASPO-KACHRODATEHSIL-PHULERADISTJAIYPURRAJASTHAN303338', '53730100001708', 'BANK OF BARODA', 'KANCHRODA', 'BARB0KANJAI', '8658', '4329', '0', '1039', '0', '140', '848', '0', '4897', '0', '0', '0', '18732', '0', 'SEVENTEEN THOUSAND FIVE HUNDRED AND FIFTY THREE', '0', '1126', '26', '609', '31', '0', '0', '0', '1735', '0', '7', '2023', '0', '0', '17553', '2023-08-12', 'NEFT', '0', '0', '1179', '2023-09-12 11:08:38', NULL),
(60, '3', '2', '4', 'HELPDESK', '24PEMALATIHADAKHETRIDISTJHUNJHUNU', '20275308772', 'SBI BANK', 'KHETRI', 'HDFC0003443', '8658', '2165', '0', '1039', '0', '106', '684', '0', '2608', '0', '0', '0', '14115', '0', 'TWELVE THOUSAND NINE HUNDRED AND SEVENTY', '0', '1126', '26', '459', '31', '0', '0', '0', '1585', '0', '7', '2023', '0', '0', '12970', '2023-08-12', 'NEFT', '0', '0', '1145', '2023-09-12 11:09:46', NULL),
(61, '4', '2', '2', 'HELPDESK', 'D-3MAZDOORNAGARAJMERROADJAIPUR', '3569000100098300', 'PUNJAB NATIONAL BANK', 'KHETRI', 'PUNB03569', '8658', '2165', '0', '1039', '0', '106', '684', '0', '2608', '0', '0', '0', '14115', '0', 'TWELVE THOUSAND NINE HUNDRED AND SEVENTY', '0', '1126', '26', '459', '31', '0', '0', '0', '1585', '0', '7', '2023', '0', '0', '12970', '2023-08-11', 'NEFT', '0', '0', '1145', '2023-09-12 11:11:00', NULL),
(62, '5', '2', '2', 'HELPDESK', 'TIWARIBHAWANNEARSBIBANKWARDNO10SIKANDRAROADBANDIKUIDIST-DAUSA303313', '50100356849707', 'HDFC BANK', 'KANCHRODA', 'HDFC0003443', '8658', '2165', '0', '1039', '0', '106', '848', '0', '2443', '0', '0', '0', '14114', '0', 'TWELVE THOUSAND NINE HUNDRED AND SIXTY NINE', '0', '1126', '26', '459', '31', '0', '0', '0', '1585', '0', '7', '2023', '0', '0', '12969', '2023-08-11', 'NEFT', '0', '0', '1145', '2023-09-12 11:12:05', NULL),
(63, '6', '2', '2', 'HELPDESK', '88ALANKARVIHARSIRSIROADJAIPURRAJASTHAN302034', '177310100091027', 'UNION BANK OF INDIA', 'PANWAR', 'UBIN0817732', '7358', '1104', '0', '883', '0', '73', '675', '0', '590', '0', '0', '0', '9727', '0', 'EIGHT THOUSAND SEVEN HUNDRED AND SEVENTY ONE', '0', '957', '', '316', '31', '0', '0', '0', '1273', '0', '7', '2023', '0', '0', '8771', '2023-08-11', 'NEFT', '0', '0', '956', '2023-09-12 11:13:54', NULL),
(64, '7', '2', '2', 'HELPDESK', 'KAPOORAWALAMUHANAJAIPURRAJASTHAN-203029', '1246590478', 'KOTAK MAHINDRA BANK', 'KHETRI', 'KKBK0003545', '7358', '1104', '0', '883', '0', '73', '675', '0', '590', '0', '0', '0', '9727', '0', 'EIGHT THOUSAND SEVEN HUNDRED AND SEVENTY ONE', '0', '957', '26', '316', '31', '0', '0', '0', '1273', '0', '7', '2023', '0', '0', '8771', '2023-08-11', 'NEFT', '0', '0', '956', '2023-09-12 11:15:25', NULL),
(65, '8', '2', '2', 'HELPDESK', '17RAMPURAURFKANWARPURABEELWAJAIPURRAJASTHAN', '50100316086086', 'HDFC BANK', 'KANWARPURA ', 'HDFC0002838', '8658', '4329', '0', '1039', '0', '133', '715', '0', '4094', '0', '0', '0', '17796', '0', 'SIXTEEN THOUSAND SIX HUNDRED AND TWENTY FOUR', '0', '1126', '27', '578', '31', '0', '0', '0', '1704', '0', '7', '2023', '0', '0', '16624', '2023-08-11', 'NEFT', '0', '0', '1172', '2023-09-12 11:29:25', NULL),
(66, '9', '2', '2', 'HELPDESK', '37CHANDRAKALACOLONYDURGAPURAJAIPUR', '61000925089', 'SBI BANK', 'SANGANER ', 'SBIN0031765', '8658', '2165', '0', '1039', '0', '101', '771', '0', '1843', '0', '0', '0', '13437', '0', 'TWELVE THOUSAND TWO HUNDRED AND NINETY SEVEN', '0', '1126', '26', '437', '31', '0', '0', '0', '1563', '0', '7', '2023', '0', '0', '12297', '2023-08-11', 'NEFT', '0', '0', '1140', '2023-09-12 11:30:03', NULL),
(67, '10', '2', '2', 'HELPDESK', 'BHAMUKIDHANIWARDNO16REENGUSSIKARRAJASTHAN332402', '61164153274', 'SBI BANK', 'REENGUS', 'SBIN0032001', '7358', '1104', '0', '883', '0', '80', '620', '0', '1613', '0', '0', '0', '10695', '0', 'NINE THOUSAND SEVEN HUNDRED AND THIRTY TWO', '0', '957', '23', '348', '28', '0', '0', '0', '1305', '0', '7', '2023', '0', '0', '9732', '2023-08-11', 'NEFT', '0', '0', '963', '2023-09-12 11:31:07', NULL),
(68, '11', '2', '2', 'HELPDESK', 'VILL-BAMANPURATAHSIL-KATHUMARDIST-ALWARRAJASTHAN', '32546534401', 'SBI BANK', 'NAGAR ALWAR', 'SBIN0006094', '7358', '1104', '0', '883', '0', '80', '620', '0', '1613', '0', '0', '0', '10695', '0', 'NINE THOUSAND SEVEN HUNDRED AND THIRTY TWO', '0', '957', '29', '348', '31', '0', '0', '0', '1305', '0', '7', '2023', '0', '0', '9732', '2023-08-11', 'NEFT', '0', '0', '963', '2023-09-12 11:32:03', NULL),
(69, '17', '2', '2', 'HELPDESK', 'KAPOORAWALAMUHANAJAIPURRAJASTHAN-203029', '50100526485652', 'HDFC BANK', 'TONK ROAD', 'HDFC0000644', '8658', '2165', '0', '1039', '0', '101', '771', '0', '1843', '0', '0', '0', '13437', '0', 'TWELVE THOUSAND TWO HUNDRED AND NINETY SEVEN', '0', '1126', '26', '437', '31', '0', '0', '0', '1563', '0', '7', '2023', '0', '0', '12297', '2023-08-11', 'NEFT', '0', '0', '1140', '2023-09-12 11:39:19', NULL),
(70, '12', '2', '2', 'HELPDESK', 'TEENBADMANDRAYALRODEKARAULIRAJASTHAN-322241', '37895341368', 'SBI BANK', 'KARAULI', 'SBIN0004191', '7358', '1104', '0', '883', '0', '73', '675', '0', '590', '0', '0', '0', '9727', '0', 'EIGHT THOUSAND SEVEN HUNDRED AND SEVENTY ONE', '0', '957', '', '316', '31', '0', '0', '0', '1273', '0', '7', '2023', '0', '0', '8771', '2023-08-11', 'NEFT', '0', '0', '956', '2023-09-12 11:40:05', NULL),
(71, '13', '2', '2', 'HELPDESK', 'A-47JAIMATAVAISHNONAGARGAJSINGHPURAAJMERROADJAIPUR302024', '2211221442290851', 'AU SMALL FINANCE BANK', 'MANSAROVAR MADHYAM MARG', 'AUBL0002214', '7358', '1104', '0', '883', '0', '77', '1171', '0', '578', '0', '0', '0', '10211', '0', 'NINE THOUSAND TWO HUNDRED AND FIFTY ONE', '0', '957', '27', '332', '31', '0', '0', '0', '1289', '0', '7', '2023', '0', '0', '9251', '2023-08-11', 'NEFT', '0', '0', '960', '2023-09-12 11:41:08', NULL),
(72, '14', '2', '2', 'HELPDESK', 'MURLIPURAJAIPURRAJASTHAN-302039', '743210110003203', 'BOI', 'MURLIPURA', 'BKID0007482', '7358', '1104', '0', '883', '0', '80', '620', '0', '1613', '0', '0', '0', '10695', '0', 'NINE THOUSAND SEVEN HUNDRED AND THIRTY TWO', '0', '957', '26', '348', '31', '0', '0', '0', '1305', '0', '7', '2023', '0', '0', '9732', '2023-08-11', 'NEFT', '0', '0', '963', '2023-09-12 11:41:46', NULL),
(73, '15', '2', '2', 'HELPDESK', 'SURYANAGARDILHIBHIAPASSGATRAMGANGBAZARJAUPURRAJASTHAN302003', '34204719114', 'SBI BANK', 'TRANSPORTNAGAR, JAIPUR', 'SBIN0006827  ', '7046', '257', '0', '846', '0', '59', '0', '0', '527', '0', '0', '0', '7830', '0', 'SIX THOUSAND NINE HUNDRED AND TWENTY FIVE', '0', '916', '26', '254', '31', '0', '0', '0', '1170', '0', '7', '2023', '0', '0', '6925', '2023-08-11', 'NEFT', '0', '0', '905', '2023-09-12 11:43:14', NULL),
(74, '16', '2', '2', 'HELPDESK', '113KAILASHNAGARJHOTWARAJAIPUR', '023501 545695', 'ICICI BANK', 'VAISHALI NAGAR', 'ICIC0000235', '8658', '2165', '0', '1039', '0', '113', '856', '0', '3446', '0', '0', '0', '15125', '0', 'THIRTEEN THOUSAND NINE HUNDRED AND SEVENTY THREE', '0', '1126', '26', '492', '31', '0', '0', '0', '1618', '0', '7', '2023', '0', '0', '13973', '2023-08-11', 'NEFT', '0', '0', '1152', '2023-09-12 11:45:48', NULL),
(75, '20', '2', '2', 'HELPDESK', 'VILLAGE-DEEWLITEHSIL-BHUSAWARBHARATPURRAJ321406', '921010037651052', 'AXIS BANK', 'BHARATPUR', 'UTIB0000720', '7358', '1104', '0', '883', '0', '80', '620', '0', '1613', '0', '0', '0', '10695', '0', 'NINE THOUSAND SEVEN HUNDRED AND THIRTY TWO', '0', '957', '4', '348', '5', '0', '0', '0', '1305', '0', '7', '2023', '0', '0', '9732', '2023-08-11', 'NEFT', '0', '0', '963', '2023-09-12 11:48:26', NULL),
(76, '18', '2', '2', 'HELPDESK', '197SITARAMNAGARGOPALPURABYEPASSTRIVENINAGARDURGAPURAJAIPUR-302018', '535502010016582', 'UNION BANK OF INDIA', 'DURGAPURA', 'UBIN0553557', '7358', '1104', '0', '883', '0', '73', '675', '0', '590', '0', '0', '0', '9727', '0', 'EIGHT THOUSAND SEVEN HUNDRED AND SEVENTY ONE', '0', '957', '24', '316', '29', '0', '0', '0', '1273', '0', '7', '2023', '0', '0', '8771', '2023-08-11', 'NEFT', '0', '0', '956', '2023-09-12 11:49:06', NULL),
(77, '19', '2', '2', 'HELPDESK', 'VILL-MOHANPURPOSTDOHARKALANNARNAULMGARHHARYANA123001', '1904001700246895', 'PUNJAB NATIONAL BANK', 'BALAWA', 'PUNB0190400', '8658', '2165', '0', '1039', '0', '97', '805', '0', '1325', '0', '0', '0', '12953', '0', 'ELEVEN THOUSAND EIGHT HUNDRED AND SEVENTEEN', '0', '1126', '', '421', '31', '0', '0', '0', '1547', '0', '7', '2023', '0', '0', '11817', '2023-08-11', 'NEFT', '0', '0', '1136', '2023-09-12 11:49:50', NULL),
(78, '23', '2', '5', 'HELPDESK', 'RAJENDRA SINGH ,GARHI,GHAZIABAD 201001', '50210033576679', 'BANDHAN BANK', 'INDIRAPURAM', 'BDBL0001816', '15500', '0', '0', '0', '0', '116', '0', '0', '0', '0', '0', '0', '15500', '0', 'FIFTEEN THOUSAND THREE HUNDRED AND EIGHTY FOUR', '0', '0', '26', '504', '31', '0', '0', '0', '504', '0', '7', '2023', '0', '0', '15384', '2023-08-11', 'NEFT', '0', '0', '116', '2023-09-12 11:51:54', NULL),
(79, '21', '4', '3', 'LTSCRM', 'C-BLOCK63HOSHIYARPURNOIDA51', '745202010001229', 'UNION BANK OF INDIA', 'AFLEPUR', 'UBIN0574520', '13500', '5000', '0', '1620', '0', '0', '1250', '0', '2495', '0', '0', '0', '22245', '0', 'TWENTY THOUSAND SIX HUNDRED AND TWENTY FIVE', '0', '1755', '25.5', '0', '30.5', '0', '0', '0', '1755', '0', '7', '2023', '0', '0', '20625', '2023-08-11', 'NEFT', '0', '0', '1620', '2023-09-12 11:52:55', NULL),
(80, '22', '4', '3', 'LTSCRM', 'Y-94SECTOR-12NOIDA', '50100520848587', 'HDFC BANK', 'GAUTAM BUDH NAGAR', 'HDFC0001603', '26525', '10610', '0', '1800', '0', '0', '2498', '0', '13417', '0', '0', '0', '53050', '0', 'FIFTY ONE THOUSAND TWO HUNDRED AND FIFTY', '0', '1950', '26', '0', '31', '0', '0', '0', '1950', '0', '7', '2023', '0', '0', '51250', '2023-08-11', 'NEFT', '0', '0', '1800', '2023-09-12 11:53:43', NULL),
(81, '2', '2', '2', 'HELPDESK', 'VILL-SAMOTAKABASPO-KACHRODATEHSIL-PHULERADISTJAIYPURRAJASTHAN303338', '53730100001708', 'BANK OF BARODA', 'KANCHRODA', 'BARB0KANJAI', '8658', '4329', '0', '1039', '0', '140', '848', '0', '4897', '0', '0', '0', '18732', '0', 'SEVENTEEN THOUSAND FIVE HUNDRED AND FIFTY THREE', '0', '1126', '27', '609', '31', '0', '0', '0', '1735', '0', '8', '2023', '0', '0', '17553', '2023-09-07', 'NEFT', '0', '0', '1179', '2023-09-12 11:54:42', NULL),
(82, '3', '2', '4', 'HELPDESK', '24PEMALATIHADAKHETRIDISTJHUNJHUNU', '20275308772', 'SBI BANK', 'KHETRI', 'HDFC0003443', '8658', '2165', '0', '1039', '0', '106', '684', '0', '2608', '0', '0', '0', '14115', '0', 'TWELVE THOUSAND NINE HUNDRED AND SEVENTY', '0', '1126', '27', '459', '31', '0', '0', '0', '1585', '0', '8', '2023', '0', '0', '12970', '2023-09-07', 'NEFT', '0', '0', '1145', '2023-09-12 11:55:13', NULL),
(83, '4', '2', '2', 'HELPDESK', 'D-3MAZDOORNAGARAJMERROADJAIPUR', '3569000100098300', 'PUNJAB NATIONAL BANK', 'KHETRI', 'PUNB03569', '8658', '2165', '0', '1039', '0', '106', '684', '0', '2608', '0', '0', '0', '14115', '0', 'TWELVE THOUSAND NINE HUNDRED AND SEVENTY', '0', '1126', '27', '459', '31', '0', '0', '0', '1585', '0', '8', '2023', '0', '0', '12970', '2023-09-07', 'NEFT', '0', '0', '1145', '2023-09-12 11:55:52', NULL),
(84, '5', '2', '2', 'HELPDESK', 'TIWARIBHAWANNEARSBIBANKWARDNO10SIKANDRAROADBANDIKUIDIST-DAUSA303313', '50100356849707', 'HDFC BANK', 'KANCHRODA', 'HDFC0003443', '8658', '2165', '0', '1039', '0', '106', '848', '0', '2443', '0', '0', '0', '14114', '0', 'TWELVE THOUSAND NINE HUNDRED AND SIXTY NINE', '0', '1126', '27', '459', '31', '0', '0', '0', '1585', '0', '8', '2023', '0', '0', '12969', '2023-09-07', 'NEFT', '0', '0', '1145', '2023-09-12 11:56:28', NULL),
(85, '6', '2', '2', 'HELPDESK', '88ALANKARVIHARSIRSIROADJAIPURRAJASTHAN302034', '177310100091027', 'UNION BANK OF INDIA', 'PANWAR', 'UBIN0817732', '7358', '1104', '0', '883', '0', '73', '675', '0', '590', '0', '0', '0', '9727', '0', 'EIGHT THOUSAND SEVEN HUNDRED AND SEVENTY ONE', '0', '957', '27', '316', '31', '0', '0', '0', '1273', '0', '8', '2023', '0', '0', '8771', '2023-09-07', 'NEFT', '0', '0', '956', '2023-09-12 11:56:59', NULL),
(86, '7', '2', '2', 'HELPDESK', 'KAPOORAWALAMUHANAJAIPURRAJASTHAN-203029', '1246590478', 'KOTAK MAHINDRA BANK', 'KHETRI', 'KKBK0003545', '7358', '1104', '0', '883', '0', '73', '675', '0', '590', '0', '0', '0', '9727', '0', 'EIGHT THOUSAND SEVEN HUNDRED AND SEVENTY ONE', '0', '957', '27', '316', '31', '0', '0', '0', '1273', '0', '8', '2023', '0', '0', '8771', '2023-09-07', 'NEFT', '0', '0', '956', '2023-09-12 11:57:28', NULL),
(87, '8', '2', '2', 'HELPDESK', '17RAMPURAURFKANWARPURABEELWAJAIPURRAJASTHAN', '50100316086086', 'HDFC BANK', 'KANWARPURA ', 'HDFC0002838', '8658', '4329', '0', '1039', '0', '133', '715', '0', '4094', '0', '0', '0', '17796', '0', 'SIXTEEN THOUSAND SIX HUNDRED AND TWENTY FOUR', '0', '1126', '27', '578', '31', '0', '0', '0', '1704', '0', '8', '2023', '0', '0', '16624', '2023-09-07', 'NEFT', '0', '0', '1172', '2023-09-12 11:58:28', NULL),
(88, '9', '2', '2', 'HELPDESK', '37CHANDRAKALACOLONYDURGAPURAJAIPUR', '61000925089', 'SBI BANK', 'SANGANER ', 'SBIN0031765', '8658', '2165', '0', '1039', '0', '101', '771', '0', '1843', '0', '0', '0', '13437', '0', 'TWELVE THOUSAND TWO HUNDRED AND NINETY SEVEN', '0', '1126', '27', '437', '31', '0', '0', '0', '1563', '0', '8', '2023', '0', '0', '12297', '2023-09-07', 'NEFT', '0', '0', '1140', '2023-09-12 11:59:34', NULL),
(89, '10', '2', '2', 'HELPDESK', 'BHAMUKIDHANIWARDNO16REENGUSSIKARRAJASTHAN332402', '61164153274', 'SBI BANK', 'REENGUS', 'SBIN0032001', '7358', '1104', '0', '883', '0', '80', '620', '0', '1613', '0', '0', '0', '10695', '0', 'NINE THOUSAND SEVEN HUNDRED AND THIRTY TWO', '0', '957', '27', '348', '31', '0', '0', '0', '1305', '0', '8', '2023', '0', '0', '9732', '2023-09-07', 'NEFT', '0', '0', '963', '2023-09-12 12:00:44', NULL),
(90, '11', '2', '2', 'HELPDESK', 'VILL-BAMANPURATAHSIL-KATHUMARDIST-ALWARRAJASTHAN', '32546534401', 'SBI BANK', 'NAGAR ALWAR', 'SBIN0006094', '7358', '1104', '0', '883', '0', '80', '620', '0', '1613', '0', '0', '0', '10695', '0', 'NINE THOUSAND SEVEN HUNDRED AND THIRTY TWO', '0', '957', '25', '348', '31', '0', '0', '0', '1305', '0', '8', '2023', '0', '0', '9732', '2023-09-07', 'NEFT', '0', '0', '963', '2023-09-12 12:01:34', NULL),
(91, '17', '2', '2', 'HELPDESK', 'KAPOORAWALAMUHANAJAIPURRAJASTHAN-203029', '50100526485652', 'HDFC BANK', 'TONK ROAD', 'HDFC0000644', '8658', '2165', '0', '1039', '0', '101', '771', '0', '1843', '0', '0', '0', '13437', '0', 'TWELVE THOUSAND TWO HUNDRED AND NINETY SEVEN', '0', '1126', '25', '437', '31', '0', '0', '0', '1563', '0', '8', '2023', '0', '0', '12297', '2023-09-07', 'NEFT', '0', '0', '1140', '2023-09-12 12:02:19', NULL),
(92, '12', '2', '2', 'HELPDESK', 'TEENBADMANDRAYALRODEKARAULIRAJASTHAN-322241', '37895341368', 'SBI BANK', 'KARAULI', 'SBIN0004191', '7358', '1104', '0', '883', '0', '73', '675', '0', '590', '0', '0', '0', '9727', '0', 'EIGHT THOUSAND SEVEN HUNDRED AND SEVENTY ONE', '0', '957', '27', '316', '31', '0', '0', '0', '1273', '0', '8', '2023', '0', '0', '8771', '2023-09-07', 'NEFT', '0', '0', '956', '2023-09-12 12:05:03', NULL),
(93, '13', '2', '2', 'HELPDESK', 'A-47JAIMATAVAISHNONAGARGAJSINGHPURAAJMERROADJAIPUR302024', '2211221442290851', 'AU SMALL FINANCE BANK', 'MANSAROVAR MADHYAM MARG', 'AUBL0002214', '7358', '1104', '0', '883', '0', '77', '1171', '0', '578', '0', '0', '0', '10211', '0', 'NINE THOUSAND TWO HUNDRED AND FIFTY ONE', '0', '957', '26', '332', '31', '0', '0', '0', '1289', '0', '8', '2023', '0', '0', '9251', '2023-09-07', 'NEFT', '0', '0', '960', '2023-09-12 12:06:04', NULL),
(94, '14', '2', '2', 'HELPDESK', 'MURLIPURAJAIPURRAJASTHAN-302039', '743210110003203', 'BOI', 'MURLIPURA', 'BKID0007482', '7358', '1104', '0', '883', '0', '80', '620', '0', '1613', '0', '0', '0', '10695', '0', 'NINE THOUSAND SEVEN HUNDRED AND THIRTY TWO', '0', '957', '27', '348', '31', '0', '0', '0', '1305', '0', '8', '2023', '0', '0', '9732', '2023-09-07', 'NEFT', '0', '0', '963', '2023-09-12 12:06:45', NULL),
(95, '15', '2', '2', 'HELPDESK', 'SURYANAGARDILHIBHIAPASSGATRAMGANGBAZARJAUPURRAJASTHAN302003', '34204719114', 'SBI BANK', 'TRANSPORTNAGAR, JAIPUR', 'SBIN0006827  ', '7046', '257', '0', '846', '0', '59', '0', '0', '527', '0', '0', '0', '7830', '0', 'SIX THOUSAND NINE HUNDRED AND TWENTY FIVE', '0', '916', '26', '254', '31', '0', '0', '0', '1170', '0', '8', '2023', '0', '0', '6925', '2023-09-07', 'NEFT', '0', '0', '905', '2023-09-12 12:07:37', NULL),
(96, '16', '2', '2', 'HELPDESK', '113KAILASHNAGARJHOTWARAJAIPUR', '023501 545695', 'ICICI BANK', 'VAISHALI NAGAR', 'ICIC0000235', '8658', '2165', '0', '1039', '0', '113', '856', '0', '3446', '0', '0', '0', '15125', '0', 'THIRTEEN THOUSAND NINE HUNDRED AND SEVENTY THREE', '0', '1126', '', '492', '31', '0', '0', '0', '1618', '0', '8', '2023', '0', '0', '13973', '2023-09-07', 'NEFT', '0', '0', '1152', '2023-09-12 12:09:33', NULL),
(97, '20', '2', '2', 'HELPDESK', 'VILLAGE-DEEWLITEHSIL-BHUSAWARBHARATPURRAJ321406', '921010037651052', 'AXIS BANK', 'BHARATPUR', 'UTIB0000720', '7358', '1104', '0', '883', '0', '80', '620', '0', '1613', '0', '0', '0', '10695', '0', 'NINE THOUSAND SEVEN HUNDRED AND THIRTY TWO', '0', '957', '27', '348', '31', '0', '0', '0', '1305', '0', '8', '2023', '0', '0', '9732', '2023-09-07', 'NEFT', '0', '0', '963', '2023-09-12 12:11:30', NULL),
(98, '18', '2', '2', 'HELPDESK', '197SITARAMNAGARGOPALPURABYEPASSTRIVENINAGARDURGAPURAJAIPUR-302018', '535502010016582', 'UNION BANK OF INDIA', 'DURGAPURA', 'UBIN0553557', '7358', '1104', '0', '883', '0', '73', '675', '0', '590', '0', '0', '0', '9727', '0', 'EIGHT THOUSAND SEVEN HUNDRED AND SEVENTY ONE', '0', '957', '27', '316', '31', '0', '0', '0', '1273', '0', '8', '2023', '0', '0', '8771', '2023-09-07', 'NEFT', '0', '0', '956', '2023-09-12 12:12:24', NULL),
(99, '19', '2', '2', 'HELPDESK', 'VILL-MOHANPURPOSTDOHARKALANNARNAULMGARHHARYANA123001', '1904001700246895', 'PUNJAB NATIONAL BANK', 'BALAWA', 'PUNB0190400', '8658', '2165', '0', '1039', '0', '97', '805', '0', '1325', '0', '0', '0', '12953', '0', 'ELEVEN THOUSAND EIGHT HUNDRED AND SEVENTEEN', '0', '1126', '27', '421', '31', '0', '0', '0', '1547', '0', '8', '2023', '0', '0', '11817', '2023-09-07', 'NEFT', '0', '0', '1136', '2023-09-12 12:13:35', NULL),
(100, '23', '2', '5', 'HELPDESK', 'RAJENDRA SINGH ,GARHI,GHAZIABAD 201001', '50210033576679', 'BANDHAN BANK', 'INDIRAPURAM', 'BDBL0001816', '15500', '0', '0', '0', '0', '116', '0', '0', '0', '0', '0', '0', '15500', '0', 'FIFTEEN THOUSAND THREE HUNDRED AND EIGHTY FOUR', '0', '0', '24', '504', '24', '0', '0', '0', '504', '0', '8', '2023', '0', '0', '15384', '2023-09-07', 'NEFT', '0', '0', '116', '2023-09-12 12:14:48', NULL),
(101, '21', '4', '3', 'LTSCRM', 'C-BLOCK63HOSHIYARPURNOIDA51', '745202010001229', 'UNION BANK OF INDIA', 'AFLEPUR', 'UBIN0574520', '13500', '5000', '0', '1620', '0', '0', '1250', '0', '2495', '0', '0', '0', '22245', '0', 'TWENTY THOUSAND SIX HUNDRED AND TWENTY FIVE', '0', '1755', '27', '0', '31', '0', '0', '0', '1755', '0', '8', '2023', '0', '0', '20625', '2023-09-07', 'NEFT', '0', '0', '1620', '2023-09-12 12:15:41', NULL),
(102, '22', '4', '3', 'LTSCRM', 'Y-94SECTOR-12NOIDA', '50100520848587', 'HDFC BANK', 'GAUTAM BUDH NAGAR', 'HDFC0001603', '26525', '10610', '0', '1800', '0', '0', '2498', '0', '13417', '0', '0', '0', '53050', '0', 'FIFTY ONE THOUSAND TWO HUNDRED AND FIFTY', '0', '1950', '27', '0', '31', '0', '0', '0', '1950', '0', '8', '2023', '0', '0', '51250', '2023-09-07', 'NEFT', '0', '0', '1800', '2023-09-12 12:16:23', NULL),
(103, '2', '2', '2', 'HELPDESK', 'VILL-SAMOTAKABASPO-KACHRODATEHSIL-PHULERADISTJAIYPURRAJASTHAN303338', '53730100001708', 'BANK OF BARODA', 'KANCHRODA', 'BARB0KANJAI', '8658', '4329', '0', '1039', '0', '140', '848', '0', '4897', '0', '0', '0', '18732', '0', 'SEVENTEEN THOUSAND FIVE HUNDRED AND FIFTY THREE', '0', '1126', '25', '609', '30', '0', '0', '0', '1735', '0', '3', '2023', '0', '0', '17553', '2023-04-03', 'NEFT', '0', '0', '1179', '2023-09-12 12:53:02', NULL),
(104, '3', '2', '4', 'HELPDESK', '24PEMALATIHADAKHETRIDISTJHUNJHUNU', '20275308772', 'SBI BANK', 'KHETRI', 'HDFC0003443', '8658', '2165', '0', '1039', '0', '106', '684', '0', '2608', '0', '0', '0', '14115', '0', 'TWELVE THOUSAND NINE HUNDRED AND SEVENTY', '0', '1126', '26', '459', '30', '0', '0', '0', '1585', '0', '3', '2023', '0', '0', '12970', '2023-04-03', 'NEFT', '0', '0', '1145', '2023-09-12 12:53:51', NULL),
(105, '4', '2', '2', 'HELPDESK', 'D-3MAZDOORNAGARAJMERROADJAIPUR', '3569000100098300', 'PUNJAB NATIONAL BANK', 'KHETRI', 'PUNB03569', '8658', '2165', '0', '1039', '0', '106', '684', '0', '2608', '0', '0', '0', '14115', '0', 'TWELVE THOUSAND NINE HUNDRED AND SEVENTY', '0', '1126', '26', '459', '30', '0', '0', '0', '1585', '0', '3', '2023', '0', '0', '12970', '2023-04-03', 'NEFT', '0', '0', '1145', '2023-09-12 12:54:32', NULL),
(106, '5', '2', '2', 'HELPDESK', 'TIWARIBHAWANNEARSBIBANKWARDNO10SIKANDRAROADBANDIKUIDIST-DAUSA303313', '50100356849707', 'HDFC BANK', 'KANCHRODA', 'HDFC0003443', '8658', '2165', '0', '1039', '0', '106', '848', '0', '2443', '0', '0', '0', '14114', '0', 'TWELVE THOUSAND NINE HUNDRED AND SIXTY NINE', '0', '1126', '24', '459', '30', '0', '0', '0', '1585', '0', '3', '2023', '0', '0', '12969', '2023-04-03', 'NEFT', '0', '0', '1145', '2023-09-12 12:55:13', NULL),
(107, '6', '2', '2', 'HELPDESK', '88ALANKARVIHARSIRSIROADJAIPURRAJASTHAN302034', '177310100091027', 'UNION BANK OF INDIA', 'PANWAR', 'UBIN0817732', '7358', '1104', '0', '883', '0', '73', '675', '0', '590', '0', '0', '0', '9727', '0', 'EIGHT THOUSAND SEVEN HUNDRED AND SEVENTY ONE', '0', '957', '25', '316', '30', '0', '0', '0', '1273', '0', '3', '2023', '0', '0', '8771', '2023-04-03', 'NEFT', '0', '0', '956', '2023-09-12 12:56:14', NULL),
(108, '7', '2', '2', 'HELPDESK', 'KAPOORAWALAMUHANAJAIPURRAJASTHAN-203029', '1246590478', 'KOTAK MAHINDRA BANK', 'KHETRI', 'KKBK0003545', '7358', '1104', '0', '883', '0', '73', '675', '0', '590', '0', '0', '0', '9727', '0', 'EIGHT THOUSAND SEVEN HUNDRED AND SEVENTY ONE', '0', '957', '26', '316', '31', '0', '0', '0', '1273', '0', '3', '2023', '0', '0', '8771', '2023-04-03', 'NEFT', '0', '0', '956', '2023-09-12 12:57:09', NULL),
(109, '9', '2', '2', 'HELPDESK', '37CHANDRAKALACOLONYDURGAPURAJAIPUR', '61000925089', 'SBI BANK', 'SANGANER ', 'SBIN0031765', '8658', '2165', '0', '1039', '0', '101', '771', '0', '1843', '0', '0', '0', '13437', '0', 'TWELVE THOUSAND TWO HUNDRED AND NINETY SEVEN', '0', '1126', '26', '437', '30', '0', '0', '0', '1563', '0', '3', '2023', '0', '0', '12297', '2023-04-03', 'NEFT', '0', '0', '1140', '2023-09-12 13:01:31', NULL);

-- --------------------------------------------------------

--
-- Table structure for table `cities`
--

CREATE TABLE `cities` (
  `city_id` int(11) NOT NULL,
  `state_id` int(11) NOT NULL,
  `country_id` varchar(150) NOT NULL,
  `city_name` varchar(50) NOT NULL,
  `status` tinyint(1) NOT NULL DEFAULT 1 COMMENT '1=Active | 0=Inactive'
) ENGINE=InnoDB DEFAULT CHARSET=utf8 COLLATE=utf8_unicode_ci;

--
-- Dumping data for table `cities`
--

INSERT INTO `cities` (`city_id`, `state_id`, `country_id`, `city_name`, `status`) VALUES
(1, 2, '2', 'Los Angales', 0),
(2, 1, '2', 'New York', 0),
(3, 4, '2', 'Toranto', 0),
(4, 3, '2', 'Vancovour', 0),
(5, 5, '3', 'Visakhapatnam', 1),
(6, 5, '3', 'Vijayawada', 1),
(7, 5, '3', 'Guntur', 1),
(8, 5, '3', 'Nellore', 1),
(9, 5, '3', 'Kurnool', 1),
(10, 5, '3', 'Kakinada', 1),
(11, 5, '3', 'Rajahmundry', 1),
(12, 5, '3', 'Kadapa', 1),
(13, 5, '3', 'Tirupati', 1),
(14, 5, '3', 'Anantapuram', 1),
(15, 5, '3', 'Vizianagaram', 1),
(16, 5, '3', 'Eluru', 1),
(17, 5, '3', 'Nandyal', 1),
(18, 5, '3', 'Ongole', 1),
(19, 5, '3', 'Tuni', 1),
(20, 5, '3', 'Adoni', 1),
(21, 5, '3', 'Madanapalle', 1),
(22, 5, '3', 'Machilipatnam', 1),
(23, 5, '3', 'Tenali', 1),
(24, 5, '3', 'Proddatur', 1),
(25, 5, '3', 'Chittoor', 1),
(26, 5, '3', 'Hindupur', 1),
(27, 5, '3', 'Srikakulam', 1),
(28, 5, '3', 'Bhimavaram', 1),
(29, 5, '3', 'Tadepalligudem', 1),
(30, 5, '3', 'Guntakal', 1),
(31, 5, '3', 'Dharmavaram', 1),
(32, 5, '3', 'Gudivada', 1),
(33, 5, '3', 'Narasaraopet', 1),
(34, 5, '3', 'Kadiri', 1),
(35, 6, '3', 'Anjaw ', 1),
(36, 6, '3', 'Changlang ', 1),
(37, 6, '3', 'Kamle ', 1),
(38, 6, '3', 'Kra Daadi ', 1),
(39, 6, '3', 'Kurung Kumey ', 1),
(40, 6, '3', 'Lepa-Rada ', 1),
(41, 6, '3', 'Lohit ', 1),
(42, 6, '3', 'Longding ', 1),
(43, 6, '3', 'Namsai ', 1),
(44, 6, '3', 'Pakke-Kessang ', 1),
(45, 6, '3', 'Papum Pare ', 1),
(46, 6, '3', 'Shi-Yomi ', 1),
(47, 6, '3', 'Siang ', 1),
(48, 6, '3', 'Tawang ', 1),
(49, 6, '3', 'Tirap ', 1),
(50, 6, '3', 'Lower Dibang Valley ', 1),
(51, 6, '3', 'Dibang Valley ', 1),
(52, 6, '3', 'East Kameng ', 1),
(53, 6, '3', 'West Kameng ', 1),
(54, 6, '3', 'East Siang ', 1),
(55, 6, '3', 'Lower Siang ', 1),
(56, 6, '3', 'Upper Siang ', 1),
(57, 6, '3', 'West Siang ', 1),
(58, 6, '3', 'Lower Subansiri ', 1),
(59, 6, '3', 'Upper Subansiri ', 1),
(60, 6, '3', 'Itanagar ', 1),
(61, 7, '3', 'Dibrugarh ', 1),
(62, 7, '3', 'Guwahati  ', 1),
(63, 7, '3', 'Nagaon ', 1),
(64, 7, '3', 'Silchar ', 1),
(65, 34, '3', 'Arrah (Ara) ', 1),
(66, 34, '3', 'Bettiah ', 1),
(67, 34, '3', 'Bhagalpur ', 1),
(68, 34, '3', 'Bihar Sharif ', 1),
(69, 8, '3', 'Chapra ', 1),
(70, 8, '3', 'Darbhanga ', 1),
(71, 8, '3', 'Dehri ', 1),
(72, 8, '3', 'Gaya ', 1),
(73, 8, '3', 'Katihar ', 1),
(74, 8, '3', 'Munger (Monghyr) ', 1),
(75, 8, '3', 'Muzaffarpur ', 1),
(76, 8, '3', 'Patna ', 1),
(77, 8, '3', 'Sasaram ', 1),
(78, 9, '3', 'Bhilai ', 1),
(79, 9, '3', 'Bilaspur ', 1),
(80, 9, '3', 'Durg ', 1),
(81, 9, '3', 'Korba ', 1),
(82, 9, '3', 'Raigarh ', 1),
(83, 9, '3', 'Raipur ', 1),
(84, 9, '3', 'Raj Nandgaon ', 1);

-- --------------------------------------------------------

--
-- Table structure for table `complaint_status`
--

CREATE TABLE `complaint_status` (
  `Id` int(11) NOT NULL,
  `status_of_complaint` varchar(50) NOT NULL COMMENT '1 means Pending,2 Means Close.'
) ENGINE=InnoDB DEFAULT CHARSET=utf8mb4 COLLATE=utf8mb4_general_ci;

--
-- Dumping data for table `complaint_status`
--

INSERT INTO `complaint_status` (`Id`, `status_of_complaint`) VALUES
(1, 'Pending'),
(2, 'Close');

-- --------------------------------------------------------

--
-- Table structure for table `complaint_type`
--

CREATE TABLE `complaint_type` (
  `Id` int(11) NOT NULL,
  `type_of_ticket` varchar(200) NOT NULL
) ENGINE=InnoDB DEFAULT CHARSET=utf8mb4 COLLATE=utf8mb4_general_ci;

--
-- Dumping data for table `complaint_type`
--

INSERT INTO `complaint_type` (`Id`, `type_of_ticket`) VALUES
(1, 'LEAVE RELATED'),
(2, 'SALARY ISSUE RELATED'),
(3, 'PROJECT RELATED'),
(4, 'OTHERS');

-- --------------------------------------------------------

--
-- Table structure for table `countries`
--

CREATE TABLE `countries` (
  `country_id` int(11) NOT NULL,
  `country_name` varchar(50) CHARACTER SET utf8 COLLATE utf8_general_ci NOT NULL,
  `status` tinyint(1) NOT NULL DEFAULT 1 COMMENT '1=Active | 0=Inactive'
) ENGINE=InnoDB DEFAULT CHARSET=utf8 COLLATE=utf8_unicode_ci;

--
-- Dumping data for table `countries`
--

INSERT INTO `countries` (`country_id`, `country_name`, `status`) VALUES
(1, 'USA', 0),
(2, 'Canada', 0),
(3, 'India', 1);

-- --------------------------------------------------------

--
-- Table structure for table `department`
--

CREATE TABLE `department` (
  `dept_id` int(11) NOT NULL,
  `department` varchar(200) NOT NULL
) ENGINE=InnoDB DEFAULT CHARSET=utf8mb4 COLLATE=utf8mb4_general_ci;

--
-- Dumping data for table `department`
--

INSERT INTO `department` (`dept_id`, `department`) VALUES
(1, 'OWNER'),
(2, 'INFORMATION TECHNOLOGY(I.T)'),
(3, 'SOFTWARE ENGINEERING'),
(4, 'ACCOUNTS'),
(5, 'INFRASTRUCTURE'),
(6, 'MARKETING'),
(7, 'PROJECT MANAGEMENT');

-- --------------------------------------------------------

--
-- Table structure for table `designation`
--

CREATE TABLE `designation` (
  `desig_id` int(11) NOT NULL,
  `Designation` varchar(200) NOT NULL
) ENGINE=InnoDB DEFAULT CHARSET=utf8mb4 COLLATE=utf8mb4_general_ci;

--
-- Dumping data for table `designation`
--

INSERT INTO `designation` (`desig_id`, `Designation`) VALUES
(1, 'OWNER'),
(2, 'HELPDESK ENGINEER'),
(3, 'SOFTWARE ENGINEER'),
(4, 'SENIOR SOFTWARE ENGINEER'),
(5, 'ACCOUNTANT'),
(6, 'SENIOR ACCOUNTANT'),
(7, 'MARKETING EXECUTIVE'),
(8, 'SENIOR MARKETING EXECUTIVE'),
(9, 'PROJECT MANAGER');

-- --------------------------------------------------------

--
-- Table structure for table `earthing_gp`
--

CREATE TABLE `earthing_gp` (
  `Id` int(11) NOT NULL,
  `earthing_gp_code_id` varchar(200) NOT NULL,
  `name` varchar(200) NOT NULL,
  `date_of_completion` varchar(200) NOT NULL,
  `concern_person_mobile_no` varchar(10) NOT NULL,
  `site_in_charge_name` varchar(200) NOT NULL,
  `report_status` varchar(200) NOT NULL,
  `created_on` timestamp NOT NULL DEFAULT current_timestamp()
) ENGINE=InnoDB DEFAULT CHARSET=utf8mb4 COLLATE=utf8mb4_general_ci;

--
-- Dumping data for table `earthing_gp`
--

INSERT INTO `earthing_gp` (`Id`, `earthing_gp_code_id`, `name`, `date_of_completion`, `concern_person_mobile_no`, `site_in_charge_name`, `report_status`, `created_on`) VALUES
(1, '1', 'JATIN JUYAL', '2023-06-29', '9992563265', 'TEST SITE IN-CHARGE', '123', '2023-06-29 06:05:13'),
(2, '1', 'YOGESH', '2023-07-05', '9992563265', 'JATIN JUYAL', 'RECEIVED', '2023-07-05 09:48:44');

-- --------------------------------------------------------

--
-- Table structure for table `earthing_gp_codes`
--

CREATE TABLE `earthing_gp_codes` (
  `Id` int(11) NOT NULL,
  `unique_code` varchar(200) NOT NULL,
  `gp_code` varchar(200) NOT NULL,
  `gp_gd_code` varchar(200) NOT NULL,
  `gp_id` varchar(200) NOT NULL,
  `type_of_site` varchar(200) NOT NULL,
  `zone` varchar(200) NOT NULL,
  `district` varchar(200) NOT NULL,
  `ps` varchar(200) NOT NULL,
  `new_ps` varchar(200) NOT NULL,
  `gp_name` varchar(200) NOT NULL,
  `created_on` timestamp NOT NULL DEFAULT current_timestamp()
) ENGINE=InnoDB DEFAULT CHARSET=utf8mb4 COLLATE=utf8mb4_general_ci;

--
-- Dumping data for table `earthing_gp_codes`
--

INSERT INTO `earthing_gp_codes` (`Id`, `unique_code`, `gp_code`, `gp_gd_code`, `gp_id`, `type_of_site`, `zone`, `district`, `ps`, `new_ps`, `gp_name`, `created_on`) VALUES
(1, 'LTS1234', 'GP-1234', 'GP-GD-12345', 'GPID-1256', 'URBAN AREA', 'JAIPUR-RAJASTHAN', 'RAJSTHAN-JHODPUR', 'PS-4569', 'PS-NEW-1253', 'GP-JAIPUR-CONTRUCTION', '2023-06-29 05:26:59');

-- --------------------------------------------------------

--
-- Table structure for table `employee`
--

CREATE TABLE `employee` (
  `Id` int(11) NOT NULL,
  `emp_name` varchar(100) NOT NULL,
  `emp_code` varchar(150) NOT NULL,
  `desig_id` varchar(150) NOT NULL,
  `dept_id` varchar(200) NOT NULL,
  `attendence_id` varchar(150) NOT NULL,
  `project_id` varchar(200) NOT NULL,
  `emp_type` varchar(150) CHARACTER SET latin1 COLLATE latin1_general_cs NOT NULL,
  `emp_status` varchar(150) NOT NULL COMMENT '1 means Active,0 Means De-Active',
  `user_login` varchar(100) NOT NULL,
  `username` varchar(100) CHARACTER SET latin1 COLLATE latin1_general_cs NOT NULL,
  `password` varchar(100) CHARACTER SET latin1 COLLATE latin1_general_cs NOT NULL,
  `original_password` varchar(200) NOT NULL,
  `role_id` varchar(150) NOT NULL,
  `CreatedBy` varchar(150) NOT NULL,
  `email` varchar(100) NOT NULL,
  `phone` varchar(10) NOT NULL,
  `alernate_number` varchar(10) NOT NULL,
  `gender` varchar(100) NOT NULL,
  `father_name` varchar(100) NOT NULL,
  `father_mobile` varchar(10) NOT NULL,
  `current_address` varchar(2000) NOT NULL,
  `country_id` varchar(200) NOT NULL,
  `state_id` varchar(200) NOT NULL,
  `city_id` varchar(200) NOT NULL,
  `pin_code` varchar(100) NOT NULL,
  `permanent_address` varchar(2000) NOT NULL,
  `joining_date` varchar(200) NOT NULL,
  `beneficiary_name` varchar(200) NOT NULL,
  `account_number` varchar(200) NOT NULL,
  `bank_name` varchar(150) NOT NULL,
  `branch_name` varchar(150) NOT NULL,
  `ifsc_code` varchar(100) NOT NULL,
  `forget_password` varchar(150) NOT NULL,
  `project_name` varchar(150) NOT NULL,
  `aadhar_no` varchar(150) NOT NULL,
  `pan_no` varchar(150) NOT NULL,
  `uan_no` varchar(150) NOT NULL,
  `esi_no` varchar(150) NOT NULL,
  `pf_no` varchar(150) NOT NULL,
  `createdon` timestamp NOT NULL DEFAULT current_timestamp(),
  `Updatedon` datetime DEFAULT current_timestamp() ON UPDATE current_timestamp(),
  `status_updated_on` timestamp NOT NULL DEFAULT current_timestamp()
) ENGINE=InnoDB DEFAULT CHARSET=utf8mb4 COLLATE=utf8mb4_general_ci;

--
-- Dumping data for table `employee`
--

INSERT INTO `employee` (`Id`, `emp_name`, `emp_code`, `desig_id`, `dept_id`, `attendence_id`, `project_id`, `emp_type`, `emp_status`, `user_login`, `username`, `password`, `original_password`, `role_id`, `CreatedBy`, `email`, `phone`, `alernate_number`, `gender`, `father_name`, `father_mobile`, `current_address`, `country_id`, `state_id`, `city_id`, `pin_code`, `permanent_address`, `joining_date`, `beneficiary_name`, `account_number`, `bank_name`, `branch_name`, `ifsc_code`, `forget_password`, `project_name`, `aadhar_no`, `pan_no`, `uan_no`, `esi_no`, `pf_no`, `createdon`, `Updatedon`, `status_updated_on`) VALUES
(1, 'ADMIN', 'ONWER', '1', '1', '', '', '1', '1', '', 'admin@admin.com', '$2y$10$L3SqYw9UcgpgH9eMApqoG.EpnQ/bIP1UPCXVNPFYhaU590dC4PDtW', 'password', '1', 'self', 'umeshsharma@latech-solutions.com', '', '', 'MALE', '', '', 'GHAZIABAD', '101', '', '', '', '', '', '', '', '', '', '', 'NO', '', '', '', '', '', '', '2023-09-05 03:58:53', '2023-09-08 04:34:53', '2023-09-05 03:58:53'),
(2, 'CHIRANJI LAL GHODELA', 'LTSJ1', '2', '2', '', '', '2', '1', '', 'LTSJ1@LTS.COM', '$2y$04$JXR0kLSNjwNrzhXvamn/TOdb8zxJcKw2hwhhQNPvuMbRk6e8Y.HR6', 'CHIRANJI @123', '2', 'ONWER', 'CLKUMAWAT86@GMAIL.COM', '9982927255', '9982927255', 'MALE', 'MR. RAMESHVAR LAL KUMAWAT', '9982927255', 'VILL-SAMOTAKABASPO-KACHRODATEHSIL-PHULERADISTJAIYPURRAJASTHAN 303338', '101', '33', '3378', '303338', 'VILL-SAMOTAKABASPO-KACHRODATEHSIL-PHULERADISTJAIYPURRAJASTHAN303338', '2023-03-01', 'CHIRANJI LAL GHODELA', '53730100001708', 'Bank of Baroda', 'KANCHRODA', 'BARB0KANJAI', 'NO', 'HELPDESK', '757456015878', 'AXFPG7630J', '101232827349', '1512742325', '101232827349', '2023-09-05 04:06:01', '2023-09-12 07:36:54', '2023-09-05 04:06:01'),
(3, 'SATYAVEER SINGH', 'LTSJ2', '2', '4', '', '', '2', '1', '', 'LTSJ2@LTS.COM', '$2y$04$x0P7MF7VEZt8NjtIlRQuQu6XEICNmfqGvt5TqzI1bnxTUbMT5q8RW', 'SATYAVEER @123', '2', 'ONWER', 'SATYAVEERMUNSHI@GMAIL.COM', '9772522821', '9772522821', 'MALE', 'MR. MUNSHI SINGH', '9772522821', '24PEMALATIHADAKHETRIDISTJHUNJHUNU', '101', '33', '3378', '333001', '24PEMALATIHADAKHETRIDISTJHUNJHUNU', '2023-03-01', 'SATYAVEER SINGH', '20275308772', 'SBI BANK', 'KHETRI', 'HDFC0003443', 'NO', 'HELPDESK', '828207623257', 'GXSPS1797H', '101504633437', '0', '101504633437', '2023-09-05 04:44:15', '2023-09-12 07:36:54', '2023-09-05 04:44:15'),
(4, 'JAGDISH PRASAD SAINI', 'LTSJ3', '2', '2', '', '', '2', '1', 'YES', 'LTSJ3@LTS.COM', '$2y$04$mLgYT2HomdYXVLZuDuTlUODP5US4nmJ26EwhuUbqzdYau8qfwk1sC', 'JAGDISH', '2', 'ONWER', 'JAGDISHJONETA@GMAIL.COM', '7733980147', '7733980147', 'MALE', 'MR. DHANNA RAM SAINI', '7733980147', 'D-3, MAZDOOR NAGAR , AJMER ROAD JAIPUR', '101', '22', '36', '332402', 'D-3MAZDOORNAGARAJMERROADJAIPUR', '2023-03-01', 'JAGDISH PRASHAD SAINI', '3569000100098300', 'PUNJAB NATIONAL BANK', 'KHETRI', 'PUNB03569', 'NO', 'HELPDESK', '828207623257', 'GXSPS1797H', '101499544286', '1512742532', 'TN/AMB/00040851/000/0012325', '2023-09-05 04:50:08', '2023-09-12 07:36:54', '2023-09-05 04:50:08'),
(5, 'MOHIT TIWARI', 'LTSJ4', '2', '2', '', '', '2', '1', '', 'LTSJ4@LTS.COM', '$2y$04$szV19wgVzn8q4XWhyNPBb.h7Fivbv5SNWOEeo60Xv9PtEhHL8Rvci', 'MOHIT@123', '2', 'ONWER', 'MOHIT.TIWARI9454@GMAIL.COM', '7891329454', '7891329454', 'MALE', 'MR . JAYPRAKASH SHARMA', '7891329454', 'TIWARI BHAWAN, NEAR SBI BANK, WARD NO 10 SIKANDRA ROAD, BANDIKUI, DIST-DAUSA , 303313', '101', '33', '3378', '303313', 'TIWARIBHAWANNEARSBIBANKWARDNO10SIKANDRAROADBANDIKUIDIST-DAUSA303313', '2023-03-01', 'MOHIT TIWARI', '50100356849707', 'HDFC BANK', 'KANCHRODA', 'HDFC0003443', 'NO', 'HELPDESK', '987033212281', 'BBFPT0416E', '101926507623', '1512742435', '101926507623', '2023-09-05 04:54:50', '2023-09-12 07:36:54', '2023-09-05 04:54:50'),
(6, 'JYOTI SAINI', 'LTSJ5', '2', '2', '', '', '2', '1', 'YES', 'LTSJ5@LTS.COM', '$2y$04$3exVz9IOB7T9p7KrGsCkQ.JAwGMmEdOwgTDjnpN6qIi3x/LG7RNN6', 'JYOTI @1234', '2', 'ONWER', 'SAINIJYOTI630@GMAIL.COM', '8387835509', '8387835509', 'FEMALE', 'MR.HIRALAL SAINI', '8387835509', '88,ALANKAR VIHAR , SIRSI ROAD ,JAIPUR RAJASTHAN  ( 302034  )', '101', '33', '28', '302034', '88ALANKARVIHARSIRSIROADJAIPURRAJASTHAN302034', '2023-03-01', 'JYOTI SAINI', '177310100091027', 'Union Bank of India', 'PANWAR', 'UBIN0817732', 'NO', 'HELPDESK', '630717203986', 'NCSPS3429E', '101926507623', '1512756700', '101926507623', '2023-09-05 04:58:58', '2023-09-12 07:36:54', '2023-09-05 04:58:58'),
(7, 'RAKESH SHARMA', 'LTSJ6', '2', '2', '', '', '2', '1', 'YES', 'LTSJ6@LTS.COM', '$2y$04$60deOMu99Pl5/yjIyUtuR.Sg3S7HmFRVDBQtieFIrblzM9NjTGxbi', 'RAKESH@123', '2', 'ONWER', 'RAKESHSHARMA5548@GMAIL.COM', '9352355219', '9352355219', 'MALE', 'MR. RADHEYSHYAM SHARMA', '9352355219', 'KAPOORAWALA MUHANA JAIPUR RAJASTHAN - 203029', '101', '6', '54', '203029', 'KAPOORAWALAMUHANAJAIPURRAJASTHAN-203029', '2023-03-01', 'RAKESH SHARMA', '1246590478', 'KOTAK MAHINDRA BANK', 'KHETRI', 'KKBK0003545', 'NO', 'HELPDESK', '851461551277', 'MSKPS1356P', '101502497467', '1512742759', '101502497467', '2023-09-05 05:03:29', '2023-09-12 07:36:54', '2023-09-05 05:03:29'),
(8, 'VISHNU KUMAR', 'LTSJ7', '2', '2', '', '', '2', '1', '', 'LTSJ7@LTS.COM', '$2y$04$Ozymk388p8gk5L87lwgzXecqU5vtpaCcklizlU2E.uwfJI21Wa8um', 'VISHNU @123', '2', 'ONWER', 'VISHNUPRADHAN805@GMAIL.COM', '9667182059', '9667182059', 'MALE', 'MR. KALYAN SAHAY SHARMA', '9667182059', '17 RAMPURA URF KANWARPURA BEELWA JAIPUR RAJASTHAN', '101', '33', '3378', '322241', '17RAMPURAURFKANWARPURABEELWAJAIPURRAJASTHAN', '2023-03-01', 'VISHNU SHARMA', '50100316086086', 'HDFC BANK', 'KANWARPURA ', 'HDFC0002838', 'NO', 'HELPDESK', '910387017989', 'EIMPK9982F', '100948167122', '1512742553', '100948167122', '2023-09-05 05:07:20', '2023-09-12 07:36:54', '2023-09-05 05:07:20'),
(9, 'RAJESH CHOUDHARY', 'LTSJ8', '2', '2', '', '', '2', '1', 'YES', 'LTSJ8@LTS.COM', '$2y$04$fJ5Qhg4tYG7bwxcmLCSXHOAB7zhNwVii.n4BeD4Rm5a22BeZZpIkO', 'RAJESH@123', '2', 'ONWER', 'CHOUDHARY.RAJESH413@GMAIL.COM', '8529289504', '8529289504', 'MALE', 'MR. SHYOJI RAM CHOUDHAY', '8529289504', '37 , CHANDRAKALA COLONY , DURGAPURA , JAIPUR ', '101', '5', '32', '3300', '37CHANDRAKALACOLONYDURGAPURAJAIPUR', '2023-03-13', 'RAJESH CHOUDHARY', '61000925089', 'SBI BANK', 'SANGANER ', 'SBIN0031765', 'NO', 'HELPDESK', '411664238644', 'AXPPC3632E', '101927031349', '1512742829', '101927031349', '2023-09-05 05:16:29', '2023-09-12 07:36:54', '2023-09-05 05:16:29'),
(10, 'MS.MANOJ BHAMU', 'LTSJ9', '2', '2', '', '', '2', '1', '', 'LTSJ9@LTS.COM', '$2y$04$vKQ647Qbb0.INlVuI31uFuFOYqWV0KL1o4k1BlLZRsW/jkHzwBbGS', 'MANOJ @123', '2', 'ONWER', 'MANOJBHAMU007@GMAIL.COM', '8560971482', '8560971482', 'MALE', 'MR. CHOUTH MAL BHAMU', '8560971482', 'BHAMU KI DHANI , WARD NO. 16 , REENGUS,SIKAR RAJASTHAN 332402', '101', '33', '3378', '332402', 'BHAMUKIDHANIWARDNO16REENGUSSIKARRAJASTHAN332402', '2023-03-20', 'MS . MANOJ BHAMU', '61164153274', 'SBI BANK', 'REENGUS', 'SBIN0032001', 'NO', 'HELPDESK', '492132460185', 'EKEPB9652M', '101936592849', '1512807054', '101936592849', '2023-09-05 05:21:19', '2023-09-12 07:36:54', '2023-09-05 05:21:19'),
(11, 'JITENDRA SINGH', 'LTSJ10', '2', '2', '', '', '2', '1', 'YES', 'LTSJ10@LTS.COM', '$2y$04$AYcLcv7ss.2RQ/fok1EfrepWaRuXL/qwAig9c1QFfH2GukHc5zg5y', 'JITENDRA @1234', '2', 'ONWER', 'JITUJI125@GMAIL.COM', '7732919125', '7732919125', 'MALE', 'MR. PARAMSHUKH', '7732919125', 'VILL:- BAMANPURA , TAHSIL:- KATHUMAR , DIST:- ALWAR RAJASTHAN ', '101', '9', '79', '221330', 'VILL-BAMANPURATAHSIL-KATHUMARDIST-ALWARRAJASTHAN', '2023-03-20', 'JITENDRA SINGH', '32546534401', 'SBI BANK', 'NAGAR ALWAR', 'SBIN0006094', 'NO', 'HELPDESK', '645558701862', 'OEVPS4829N', '101187595951', '1512807068', '101187595951', '2023-09-05 05:35:20', '2023-09-12 07:36:54', '2023-09-05 05:35:20'),
(12, 'BHUVNESH SHARMA', 'LTSJ12', '2', '2', '', '', '2', '1', 'YES', 'LTSJ11@LTS.COM', '$2y$04$O6UNxFEont97ipKZAmuj.evqlEShXh5nxyJJQWktChr/g6.V.V2q.', 'BHUVNESH@1234', '2', 'ONWER', ' S.BHUVNESH8058@GMAIL.COM', '8058915485', '8058915485', 'MALE', 'UMESH CHAND SHARMA', '8058915485', 'TEENBADMANDRAYALRODEKARAULIRAJASTHAN-322241', '101', '8', '76', '322241', 'TEENBADMANDRAYALRODEKARAULIRAJASTHAN-322241', '2023-03-30', 'BHUVNESH SHARMA', '37895341368', 'SBI BANK', 'KARAULI', 'SBIN0004191', 'NO', 'HELPDESK', '318894621860', 'FPBPS8853E', '101936592831', '1512807077', '101936592831', '2023-09-05 05:40:17', '2023-09-12 07:36:54', '2023-09-05 05:40:17'),
(13, 'SUMIT KUMAR', 'LTSJ13', '2', '2', '', '', '2', '1', 'YES', 'LTSJ12@LTS.COM', '$2y$04$wLhzMeZbkojS3sgxDhsDvemKf./VFQfS.tgdOdV9aksfLLa61Dkxu', 'SUMIT @1234', '2', 'ONWER', 'SUMITBAIRWA01@GMAIL.COM', '6375180934', '6375180934', 'MALE', 'RAMESH CHANDRA ', '6375180934', '  A-47 JAI MATA VAISHNO NAGAR GAJSINGHPURA AJMER ROAD JAIPUR 302024', '101', '7', '64', '302024', 'A-47JAIMATAVAISHNONAGARGAJSINGHPURAAJMERROADJAIPUR302024', '2023-04-17', 'SUMIT KUMAR ', '2211221442290851', 'AU SMALL FINANCE BANK', 'MANSAROVAR MADHYAM MARG', 'AUBL0002214', 'NO', 'HELPDESK', '700764715039', 'EXPPK1535N', '101946242877', '1512864233', '101946242877', '2023-09-05 05:44:22', '2023-09-12 07:36:54', '2023-09-05 05:44:22'),
(14, 'RAJNI SAIN ', 'LTSJ14', '2', '2', '', '', '2', '1', 'YES', 'LTSJ13@LTS.COM', '$2y$04$BtVjnzCEkVkQt5hYy5lsOe9oBphe/h1j2svsmCRXkLxSBZXV1BlW6', 'RAJNI @123', '2', 'ONWER', 'SAINRAJNI.004@GMAIL.COM', '7976872372', '7976872372', 'FEMALE', 'SURAJ SAIN', '7976872372', 'MURLIPURA JAIPUR RAJASTHAN-302039', '101', '8', '73', '302039', 'MURLIPURAJAIPURRAJASTHAN-302039', '2023-04-17', 'RAJNI SAIN', '743210110003203', 'BOI', 'MURLIPURA', 'BKID0007482', 'NO', 'HELPDESK', '235980355892', 'HBCPS8561Q', '101946500026', '1512864206', '101946500026', '2023-09-05 05:49:13', '2023-09-12 07:36:54', '2023-09-05 05:49:13'),
(15, 'GOPAL KRISHAN', 'LTSJ15', '2', '2', '', '', '2', '1', 'YES', 'LTSJ14@LTS.COM', '$2y$04$ofRROXeKuQ9k/Nw5PhsnHuYA71cTBouJVomo5zx50hvzbDQbVyHzy', 'GOPAL @1234', '2', 'ONWER', 'KGJANGAMFINEARTS@GMAIL.COM', '9672771730', '9672771730', 'MALE', 'VIJAY KUMAR JANGAM  ', '9672771730', 'SURYA NAGAR,DILHI BHIA PASS GAT,RAMGANG BAZAR, JAUPUR, RAJASTHAN ,302003', '101', '6', '52', '302003', 'SURYANAGARDILHIBHIAPASSGATRAMGANGBAZARJAUPURRAJASTHAN302003', '2023-04-05', 'GOPAL KRISHAN', '34204719114', 'SBI BANK', 'TRANSPORTNAGAR, JAIPUR', 'SBIN0006827  ', 'NO', 'HELPDESK', '783976999308', 'DVNPK8785F', '101946242883', '1512864262', '101946242883', '2023-09-05 05:54:13', '2023-09-12 07:36:54', '2023-09-05 05:54:13'),
(16, 'HIMMAT SINGH', 'LTSJ16', '2', '2', '', '', '2', '1', 'YES', 'LTSJ15@LTS.COM', '$2y$04$Zc9Wg1P1Ky0Bdmpy0hcWruPXv37eTVbJ1HT8UxDvErr/DLCli8FvK', 'HIMMAT @123', '2', 'ONWER', 'SINGHHIMMAT828@GMAIL.COM', '9351237214', '9351237214', 'MALE', 'SH. UMMED SINGH', '9351237214', '113,KAILASH NAGAR, JHOTWARA , JAIPUR', '101', '7', '64', '211003', '113KAILASHNAGARJHOTWARAJAIPUR', '2023-03-01', 'HIMMAT SINGH', '023501 545695', 'ICICI BANK', 'VAISHALI NAGAR', 'ICIC0000235', 'NO', 'HELPDESK', '910548799236', 'BAUPS8023P', '101483139399', '1512742460', '101483139399', '2023-09-05 05:58:16', '2023-09-12 07:36:54', '2023-09-05 05:58:16'),
(17, 'DINESH SHARMA', 'LTSJ11', '2', '2', '', '', '2', '1', 'YES', 'LTSJ16@LTS.COM', '$2y$04$SLWc44Dra7h97Dy2TTtlTOnt3jpO4SXCnAa00tKMVW3kK08fdZ4Aa', 'DINESH @123', '2', 'ONWER', 'DINESH7790SHARMA@GMAIL.COM', '7790805736', '7790805736', 'MALE', 'GIRIRAJ PRASAD SHARMA', '7790805736', 'KAPOORAWALA MUHANA JAIPUR RAJASTHAN - 203029', '101', '6', '51', '203029', 'KAPOORAWALAMUHANAJAIPURRAJASTHAN-203029', '2023-03-01', 'DINESH SHARMA ', '50100526485652', 'HDFC BANK', 'TONK ROAD', 'HDFC0000644', 'NO', 'HELPDESK', '865083491820', 'KTCPS7774G', '101726694946', '1512742572', '101726694946', '2023-09-05 06:07:19', '2023-09-12 07:36:54', '2023-09-05 06:07:19'),
(18, 'DEEPAK SINGH', 'LTSJ18', '2', '2', '', '', '2', '1', 'YES', 'LTSJ17@LTS.COM', '$2y$04$N0wdWtDKjM0eTI39t6jnFeI.6xTmPt78wtRznA.6qOIHXFd/vcSEq', 'DEEPAK@123', '2', 'ONWER', 'DEEPAK7OFFICIAL.1234@GMAIL.COM', '7877886795', '7877886795', 'MALE', 'SITA RAM SINGH', '7877886795', '197, SITARAM NAGAR, GOPALPURA, BYEPASS TRIVENI NAGAR, DURGAPURA, JAIPUR-302018', '101', '8', '74', '302018', '197SITARAMNAGARGOPALPURABYEPASSTRIVENINAGARDURGAPURAJAIPUR-302018', '2023-06-22', 'DEEPAK SINGH', '535502010016582', 'UNION BANK OF INDIA', 'DURGAPURA', 'UBIN0553557', 'NO', 'HELPDESK', '944141226257', 'OBCPS9606H', '101861193413', '1512996537', '101861193413', '2023-09-05 06:12:16', '2023-09-12 07:36:54', '2023-09-05 06:12:16'),
(19, 'AMIT KUMAR', 'LTSJ19', '2', '2', '', '', '2', '1', 'YES', 'LTSJ18@LTS.COM', '$2y$04$FM0TtSMAr/2.gP0wxrqwIuRQJg0dO22VmR06fwkFgZ3JgpFkTHC0W', 'AMIT@123', '2', 'ONWER', 'AKCHOUDHARY731@GMAIL.COM', '8307658131', '8307658131', 'MALE', 'BIJENDER SINGH', '8307658131', 'VILL-MOHANPUR ,POST DOHARKALAN NARNAUL,M/GARH HARYANA 123001', '101', '7', '62', '123001', 'VILL-MOHANPURPOSTDOHARKALANNARNAULMGARHHARYANA123001', '2023-06-01', 'AMIT KUMAR', '1904001700246895', 'PUNJAB NATIONAL BANK', 'BALAWA', 'PUNB0190400', 'NO', 'HELPDESK', '310622179548', 'JGYPK2539D', '101966678840', '1513014055', '101966678840', '2023-09-05 06:19:32', '2023-09-12 07:36:54', '2023-09-05 06:19:32'),
(20, 'MANISH CHOUDHARY', 'LTSJ17', '2', '2', '', '', '2', '1', 'YES', 'LTSJ19@LTS.COM', '$2y$04$Wlrm7oWB3EWFjGi2yR.Wq.xxTEtoFBtI4822tMalhbPFt73TAAWIm', 'MANISH @123', '2', 'ONWER', 'MANISHCHOUDHARY427@GMAIL.COM', '8741080004', '8741080004', 'MALE', 'SUGAR SINGH ', '8741080004', 'VILLAGE- DEEWLI, TEHSIL- BHUSAWAR, BHARATPUR, RAJ. 321406', '101', '5', '14', '321406', 'VILLAGE-DEEWLITEHSIL-BHUSAWARBHARATPURRAJ321406', '2023-07-27', 'MANISH CHOUDHARY', '921010037651052', 'AXIS BANK', 'BHARATPUR', 'UTIB0000720', 'NO', 'HELPDESK', '913836913136', 'CIZPC4599R', '101823157015', '', '101823157015', '2023-09-05 06:32:03', '2023-09-12 07:36:54', '2023-09-05 06:32:03'),
(21, 'YOGESH KR PRAJAPATI ', 'LTSG3\n', '4', '3', '', '', '2', '1', 'YES', 'LTSJ20@LTS.COM', '$2y$04$rXCKuBAkp1j0g64.eVPQPeXOsJBVgi0G89.m4KDDmYQ5NVcRXd9RK', 'YOGESH@1234', '2', 'ONWER', 'MAILTOYOGESH44@GMAIL.COM', '8299259095', '8299259095', 'MALE', 'SHOBHNATH PRAJAPATI', '8299259095', 'C-BLOCK63HOSHIYARPURNOIDA51', '101', '5', '14', '201301', 'C-BLOCK63HOSHIYARPURNOIDA51', '2022-10-04', 'YOGESH KUMAR PRAJAPATI', '745202010001229', 'UNION BANK OF INDIA', 'AFLEPUR', 'UBIN0574520', 'NO', 'LTSCRM', '8798465416554', 'CRVPK4320B', '101378524213', '', '101378524213', '2023-09-05 06:37:57', '2023-09-12 07:36:54', '2023-09-05 06:37:57'),
(22, 'JATIN JUYAL', 'LTSG4\n', '4', '3', '', '', '2', '1', 'YES', 'LTSJ21@LTS.COM', '$2y$04$5RcuNa/jXxjFI27UMyVKM.35d34FczfS4SqTS.CMPNE5ZtJNSErR2', 'JATIN@12345', '2', 'ONWER', 'JATINJUYAL163@GMAIL.COM', '9315752154', '9315752154', 'MALE', 'PR JUYAL', '9315752154', 'Y-94 , SECTOR-12 NOIDA ', '101', '7', '62', '201301', 'Y-94SECTOR-12NOIDA', '2023-05-01', 'JATIN JUYAL', '50100520848587', 'HDFC BANK', 'GAUTAM BUDH NAGAR', 'HDFC0001603', 'NO', 'LTSCRM', '959311401738', '0', '100581840195', '0', '100581840195', '2023-09-05 06:56:49', '2023-09-12 07:36:54', '2023-09-05 06:56:49'),
(23, 'SANDEEP', 'LTSG2', '2', '5', '', '', '2', '1', '', 'LTSG2@LTS.COM', '$2y$04$nNCY9NGFTLWTA8edgr.mAO.6k.JMz2Z8k6SjdbBWEM0F1hCnOl/mm', 'SANDEEP@1234', '2', 'ONWER', 'SANDEEP123@GMAIL.COM', '8929215232', '9711618167', 'MALE', 'RAJENDRA SINGH', '8929215232', 'RAJENDRA SINGH ,GARHI,GHAZIABAD 201001', '101', '38', '4759', '201001', 'RAJENDRA SINGH ,GARHI,GHAZIABAD 201001', '2023-01-02', 'MR.SANDEEP KUMAR ', '50210033576679', 'Bandhan Bank', 'INDIRAPURAM', 'BDBL0001816', 'NO', 'HELPDESK', '236997536189', 'GMVPK2465L', '0', '1512809547', '0', '2023-09-06 12:41:49', '2023-09-12 07:36:54', '2023-09-06 12:41:49');

-- --------------------------------------------------------

--
-- Table structure for table `employee_attendence`
--

CREATE TABLE `employee_attendence` (
  `Id` int(11) NOT NULL,
  `user_id` varchar(150) NOT NULL,
  `check_in_time` varchar(200) NOT NULL,
  `check_in_date` varchar(150) NOT NULL,
  `check_out_time` varchar(200) NOT NULL,
  `check_out_date` varchar(150) NOT NULL,
  `Total_hours` varchar(200) NOT NULL,
  `status` varchar(200) NOT NULL,
  `upload_type` varchar(200) NOT NULL,
  `CreatedOn` timestamp NOT NULL DEFAULT current_timestamp()
) ENGINE=InnoDB DEFAULT CHARSET=utf8mb4 COLLATE=utf8mb4_general_ci;

--
-- Dumping data for table `employee_attendence`
--

INSERT INTO `employee_attendence` (`Id`, `user_id`, `check_in_time`, `check_in_date`, `check_out_time`, `check_out_date`, `Total_hours`, `status`, `upload_type`, `CreatedOn`) VALUES
(1, '2', '11:35', '2023-08-24', '18:36', '2023-08-24', '7:1', 'P', 'MANUAL', '2023-08-24 05:04:51'),
(2, '2', '09:30', '2023-02-01', '18:30', '2023-02-01', '9:0', 'P', 'MANUAL', '2023-08-24 05:23:42'),
(3, '3', '09:30', '2023-02-01', '18:30', '2023-02-01', '9:0', 'P', 'MANUAL', '2023-08-24 05:23:42'),
(4, '2', '09:30', '2023-02-02', '18:30', '2023-02-02', '9:0', 'P', 'MANUAL', '2023-08-24 05:23:42'),
(5, '3', '09:30', '2023-02-02', '18:30', '2023-02-02', '9:0', 'P', 'MANUAL', '2023-08-24 05:23:42'),
(6, '2', '09:30', '2023-02-03', '18:30', '2023-02-03', '9:0', 'P', 'MANUAL', '2023-08-24 05:23:42'),
(7, '3', '09:30', '2023-02-03', '18:30', '2023-02-03', '9:0', 'P', 'MANUAL', '2023-08-24 05:23:42'),
(8, '2', '09:30', '2023-02-04', '18:30', '2023-02-04', '9:0', 'P', 'MANUAL', '2023-08-24 05:23:42'),
(9, '3', '09:30', '2023-02-04', '18:30', '2023-02-04', '9:0', 'P', 'MANUAL', '2023-08-24 05:23:42'),
(10, '', '09:30', '20-06-2023', '18:30', '20-06-2023', '9:0', 'P', 'FILE', '2023-08-24 05:24:19'),
(11, '', '09:30', '21-06-2023', '18:30', '21-06-2023', '9:0', 'P', 'FILE', '2023-08-24 05:24:19'),
(12, '', '00:00', '23-06-2023', '00:00', '23-06-2023', '0:0', 'A', 'FILE', '2023-08-24 05:24:19'),
(13, '', '00:00', '29-06-2023', '00:00', '29-06-2023', '0:0', 'L', 'FILE', '2023-08-24 05:24:19'),
(14, '', '00:00', '30-06-2023', '00:00', '30-06-2023', '0:0', 'WO', 'FILE', '2023-08-24 05:24:19'),
(15, '', '00:00', '01-08-2023', '00:00', '01-08-2023', '0:0', 'GH', 'FILE', '2023-08-24 05:24:19'),
(16, '', '09:30', '20-06-2023', '18:30', '20-06-2023', '9:0', 'P', 'FILE', '2023-08-24 05:26:34'),
(17, '', '09:30', '21-06-2023', '18:30', '21-06-2023', '9:0', 'P', 'FILE', '2023-08-24 05:26:34'),
(18, '', '00:00', '23-06-2023', '00:00', '23-06-2023', '0:0', 'A', 'FILE', '2023-08-24 05:26:34'),
(19, '', '00:00', '29-06-2023', '00:00', '29-06-2023', '0:0', 'L', 'FILE', '2023-08-24 05:26:34'),
(20, '', '00:00', '30-06-2023', '00:00', '30-06-2023', '0:0', 'WO', 'FILE', '2023-08-24 05:26:34'),
(21, '', '00:00', '01-08-2023', '00:00', '01-08-2023', '0:0', 'GH', 'FILE', '2023-08-24 05:26:34'),
(22, '2', '09:30', '20-06-2023', '18:30', '20-06-2023', '9:0', 'P', 'FILE', '2023-08-24 05:29:59'),
(23, '2', '09:30', '21-06-2023', '18:30', '21-06-2023', '9:0', 'P', 'FILE', '2023-08-24 05:29:59'),
(24, '2', '00:00', '23-06-2023', '00:00', '23-06-2023', '0:0', 'A', 'FILE', '2023-08-24 05:29:59'),
(25, '3', '00:00', '29-06-2023', '00:00', '29-06-2023', '0:0', 'L', 'FILE', '2023-08-24 05:29:59'),
(26, '3', '00:00', '30-06-2023', '00:00', '30-06-2023', '0:0', 'WO', 'FILE', '2023-08-24 05:29:59'),
(27, '3', '00:00', '01-08-2023', '00:00', '01-08-2023', '0:0', 'GH', 'FILE', '2023-08-24 05:29:59'),
(28, '', '', '', '', '', '0:0', '', 'FILE', '2023-08-24 05:52:46'),
(29, '', '', '', '', '', '0:0', '', 'FILE', '2023-08-24 05:52:46'),
(30, '', '', '', '', '', '0:0', '', 'FILE', '2023-08-24 05:52:46'),
(31, '', '', 'Chiranji lal', '', 'Chiranji lal', '0:0', '0', 'FILE', '2023-08-24 05:52:46'),
(32, '', '', 'Satyaveer', '', 'Satyaveer', '0:0', '0', 'FILE', '2023-08-24 05:52:46'),
(33, '', '', 'Jagdish', '', 'Jagdish', '0:0', '0', 'FILE', '2023-08-24 05:52:46'),
(34, '', '', 'MOHIT TIWARI', '', 'MOHIT TIWARI', '0:0', '0', 'FILE', '2023-08-24 05:52:46'),
(35, '', '', 'Jyoti Saini', '', 'Jyoti Saini', '0:0', '0', 'FILE', '2023-08-24 05:52:46'),
(36, '', '', 'Rakesh Sharma', '', 'Rakesh Sharma', '0:0', '0', 'FILE', '2023-08-24 05:52:46'),
(37, '', '', 'Vishnu Kumar Sharma', '', 'Vishnu Kumar Sharma', '0:0', '0', 'FILE', '2023-08-24 05:52:46'),
(38, '', '', 'Rajesh Choudhary', '', 'Rajesh Choudhary', '0:0', '0', 'FILE', '2023-08-24 05:52:46'),
(39, '', '', 'Manoj Bhamu', '', 'Manoj Bhamu', '0:0', '0', 'FILE', '2023-08-24 05:52:46'),
(40, '', '', 'JITENDRA SINGH', '', 'JITENDRA SINGH', '0:0', '0', 'FILE', '2023-08-24 05:52:46'),
(41, '', '', 'Dinesh Sharma', '', 'Dinesh Sharma', '0:0', '0', 'FILE', '2023-08-24 05:52:46'),
(42, '', '', 'Bhuvnesh Sharma', '', 'Bhuvnesh Sharma', '0:0', '0', 'FILE', '2023-08-24 05:52:46'),
(43, '', '', 'Birendra Kumar ', '', 'Birendra Kumar ', '0:0', '0', 'FILE', '2023-08-24 05:52:46'),
(44, '', '', 'Sumit Kumar', '', 'Sumit Kumar', '0:0', '0', 'FILE', '2023-08-24 05:52:46'),
(45, '', '', 'Rajni Sain', '', 'Rajni Sain', '0:0', '0', 'FILE', '2023-08-24 05:52:46'),
(46, '', '', '', '', '', '0:0', '0', 'FILE', '2023-08-24 05:52:46'),
(47, '', '', '', '', '', '0:0', '0', 'FILE', '2023-08-24 05:52:46'),
(48, '', '', '', '', '', '0:0', '0', 'FILE', '2023-08-24 05:52:46'),
(49, '', '', '', '', '', '0:0', '0', 'FILE', '2023-08-24 05:52:46'),
(50, '', '', 'Gopal', '', 'Gopal', '0:0', '0', 'FILE', '2023-08-24 05:52:46'),
(51, '', '', 'Himmat Singh', '', 'Himmat Singh', '0:0', '0', 'FILE', '2023-08-24 05:52:46'),
(52, 'Chiranji lal', '00:00', '2023-4-30', '00:00', '2023-4-30', '0:0', 'L', 'FILE', '2023-08-24 06:34:27'),
(53, 'Satyaveer', '09:30', '2023-4-30', '18:30', '2023-4-30', '0:0', 'W', 'FILE', '2023-08-24 06:34:27'),
(54, 'Jagdish', '00:00', '2023-4-30', '00:00', '2023-4-30', '0:0', 'P', 'FILE', '2023-08-24 06:34:27'),
(55, 'MOHIT TIWARI', '09:30', '2023-4-30', '18:30', '2023-4-30', '0:0', 'W', 'FILE', '2023-08-24 06:34:27'),
(56, 'Jyoti Saini', '00:00', '2023-4-30', '00:00', '2023-4-30', '0:0', 'P', 'FILE', '2023-08-24 06:34:27'),
(57, 'Rakesh Sharma', '09:30', '2023-4-30', '18:30', '2023-4-30', '0:0', 'P', 'FILE', '2023-08-24 06:34:27'),
(58, 'Vishnu Kumar Sharma', '00:00', '2023-4-30', '00:00', '2023-4-30', '0:0', 'P', 'FILE', '2023-08-24 06:34:27'),
(59, 'Rajesh Choudhary', '09:30', '2023-4-30', '18:30', '2023-4-30', '0:0', 'P', 'FILE', '2023-08-24 06:34:27'),
(60, 'Manoj Bhamu', '00:00', '2023-4-30', '00:00', '2023-4-30', '0:0', 'P', 'FILE', '2023-08-24 06:34:27'),
(61, 'JITENDRA SINGH', '00:00', '2023-4-30', '00:00', '2023-4-30', '0:0', 'W', 'FILE', '2023-08-24 06:34:27'),
(62, 'Dinesh Sharma', '00:00', '2023-4-30', '00:00', '2023-4-30', '0:0', 'P', 'FILE', '2023-08-24 06:34:27'),
(63, 'Bhuvnesh Sharma', '00:00', '2023-4-30', '00:00', '2023-4-30', '0:0', 'P', 'FILE', '2023-08-24 06:34:27'),
(64, 'Birendra Kumar ', '09:30', '2023-4-30', '18:30', '2023-4-30', '0:0', 'P', 'FILE', '2023-08-24 06:34:27'),
(65, 'Sumit Kumar', '09:30', '2023-4-30', '18:30', '2023-4-30', '0:0', '', 'FILE', '2023-08-24 06:34:27'),
(66, 'Rajni Sain', '00:00', '2023-4-30', '00:00', '2023-4-30', '0:0', 'P', 'FILE', '2023-08-24 06:34:27'),
(67, 'Gopal', '00:00', '2023-4-30', '00:00', '2023-4-30', '0:0', 'P', 'FILE', '2023-08-24 06:34:27'),
(68, 'Himmat Singh', '00:00', '2023-4-30', '00:00', '2023-4-30', '0:0', 'P', 'FILE', '2023-08-24 06:34:27'),
(69, '2', '00:00', '2023-4-30', '00:00', '2023-4-30', '0:0', 'L', 'FILE', '2023-08-24 06:35:08'),
(70, '', '09:30', '2023-4-30', '18:30', '2023-4-30', '0:0', 'W', 'FILE', '2023-08-24 06:35:08'),
(71, '', '00:00', '2023-4-30', '00:00', '2023-4-30', '0:0', 'P', 'FILE', '2023-08-24 06:35:08'),
(72, '3', '09:30', '2023-4-30', '18:30', '2023-4-30', '0:0', 'W', 'FILE', '2023-08-24 06:35:08'),
(73, '', '00:00', '2023-4-30', '00:00', '2023-4-30', '0:0', 'P', 'FILE', '2023-08-24 06:35:08'),
(74, '', '09:30', '2023-4-30', '18:30', '2023-4-30', '0:0', 'P', 'FILE', '2023-08-24 06:35:08'),
(75, '', '00:00', '2023-4-30', '00:00', '2023-4-30', '0:0', 'P', 'FILE', '2023-08-24 06:35:08'),
(76, '', '09:30', '2023-4-30', '18:30', '2023-4-30', '0:0', 'P', 'FILE', '2023-08-24 06:35:08'),
(77, '', '00:00', '2023-4-30', '00:00', '2023-4-30', '0:0', 'P', 'FILE', '2023-08-24 06:35:08'),
(78, '', '00:00', '2023-4-30', '00:00', '2023-4-30', '0:0', 'W', 'FILE', '2023-08-24 06:35:08'),
(79, '', '00:00', '2023-4-30', '00:00', '2023-4-30', '0:0', 'P', 'FILE', '2023-08-24 06:35:08'),
(80, '', '00:00', '2023-4-30', '00:00', '2023-4-30', '0:0', 'P', 'FILE', '2023-08-24 06:35:08'),
(81, '', '09:30', '2023-4-30', '18:30', '2023-4-30', '0:0', 'P', 'FILE', '2023-08-24 06:35:08'),
(82, '', '09:30', '2023-4-30', '18:30', '2023-4-30', '0:0', '', 'FILE', '2023-08-24 06:35:08'),
(83, '', '00:00', '2023-4-30', '00:00', '2023-4-30', '0:0', 'P', 'FILE', '2023-08-24 06:35:08'),
(84, '', '00:00', '2023-4-30', '00:00', '2023-4-30', '0:0', 'P', 'FILE', '2023-08-24 06:35:08'),
(85, '', '00:00', '2023-4-30', '00:00', '2023-4-30', '0:0', 'P', 'FILE', '2023-08-24 06:35:08');

-- --------------------------------------------------------

--
-- Table structure for table `master_salary_data`
--

CREATE TABLE `master_salary_data` (
  `Id` int(11) NOT NULL,
  `user_id` varchar(200) NOT NULL,
  `basic_monthly` varchar(100) NOT NULL,
  `basic_annual` varchar(100) NOT NULL,
  `hra_monthly` varchar(100) NOT NULL,
  `hra_annual` varchar(100) NOT NULL,
  `cca_monthly` varchar(100) NOT NULL,
  `cca_annual` varchar(100) NOT NULL,
  `medical_monthly` varchar(100) NOT NULL,
  `medical_annual` varchar(100) NOT NULL,
  `special_monthly` varchar(100) NOT NULL,
  `special_annual` varchar(100) NOT NULL,
  `mobile_monthly` varchar(100) NOT NULL,
  `mobile_annual` varchar(100) NOT NULL,
  `travel_monthly` varchar(100) NOT NULL,
  `travel_annual` varchar(100) NOT NULL,
  `bonus_monthly` varchar(100) NOT NULL,
  `bonus_annual` varchar(100) NOT NULL,
  `other_all_monthly` varchar(100) NOT NULL,
  `other_annual` varchar(100) NOT NULL,
  `gross_monthly` varchar(100) NOT NULL,
  `gross_annual` varchar(100) NOT NULL,
  `pf_monthly` varchar(100) NOT NULL COMMENT 'EmployeeContribution_PF@12%',
  `annual_pf` varchar(100) NOT NULL,
  `esi_amount_monthly` varchar(100) NOT NULL COMMENT 'EmployeeContribution_ESI@0.75%',
  `esi__annual` varchar(100) NOT NULL,
  `tds_monthly` varchar(100) NOT NULL,
  `annual_tds` varchar(100) NOT NULL,
  `lwf_monthly` varchar(100) NOT NULL,
  `lwf_annual` varchar(100) NOT NULL,
  `pt_monthly` varchar(100) NOT NULL,
  `pt_annual` varchar(100) NOT NULL,
  `other_deductions_monthly` varchar(100) NOT NULL,
  `annual_other` varchar(100) NOT NULL,
  `total_deduction_b_monthly` varchar(100) NOT NULL,
  `annual_total` varchar(100) NOT NULL,
  `net_monthly` varchar(100) NOT NULL,
  `net_annual` varchar(100) NOT NULL,
  `gross_pay_monthly` varchar(100) NOT NULL,
  `total_amount_annual` varchar(100) NOT NULL,
  `pf_contribution_monthly` varchar(100) NOT NULL COMMENT 'Employer Contribution PF@13%',
  `annual_pf_contribution` varchar(100) NOT NULL,
  `esi_amounts_monthly` varchar(100) NOT NULL COMMENT 'Employer Contribution ESI@3.25%',
  `annual_esi` varchar(100) NOT NULL,
  `accident_insurance_monthly` varchar(100) NOT NULL,
  `accident_annual` varchar(100) NOT NULL,
  `grauity_monthly` varchar(100) NOT NULL,
  `grauity_annual` varchar(100) NOT NULL,
  `total_benefit_monthly` varchar(100) NOT NULL,
  `annual_benefit` varchar(100) NOT NULL,
  `created_on` timestamp NOT NULL DEFAULT current_timestamp() ON UPDATE current_timestamp()
) ENGINE=InnoDB DEFAULT CHARSET=utf8mb4 COLLATE=utf8mb4_general_ci;

--
-- Dumping data for table `master_salary_data`
--

INSERT INTO `master_salary_data` (`Id`, `user_id`, `basic_monthly`, `basic_annual`, `hra_monthly`, `hra_annual`, `cca_monthly`, `cca_annual`, `medical_monthly`, `medical_annual`, `special_monthly`, `special_annual`, `mobile_monthly`, `mobile_annual`, `travel_monthly`, `travel_annual`, `bonus_monthly`, `bonus_annual`, `other_all_monthly`, `other_annual`, `gross_monthly`, `gross_annual`, `pf_monthly`, `annual_pf`, `esi_amount_monthly`, `esi__annual`, `tds_monthly`, `annual_tds`, `lwf_monthly`, `lwf_annual`, `pt_monthly`, `pt_annual`, `other_deductions_monthly`, `annual_other`, `total_deduction_b_monthly`, `annual_total`, `net_monthly`, `net_annual`, `gross_pay_monthly`, `total_amount_annual`, `pf_contribution_monthly`, `annual_pf_contribution`, `esi_amounts_monthly`, `annual_esi`, `accident_insurance_monthly`, `accident_annual`, `grauity_monthly`, `grauity_annual`, `total_benefit_monthly`, `annual_benefit`, `created_on`) VALUES
(1, '', '8658', '103896', '4329', '51948', '0', '0', '0', '0', '848', '10176', '0', '0', '0', '0', '0', '0', '4897', '58764', '18732', '224784', '1039', '12468', '140', '1680', '0', '0', '0', '0', '0', '0', '0', '0', '1179', '14148', '17553', '210636', '18732', 'NAN', '1126', '13512', '609', '7308', '0', '0', '0', '0', '20467', '245604', '2023-08-28 06:20:06'),
(3, '6', '8658', '103896', '2165', '25980', '0', '0', '0', '0', '684', '8208', '0', '0', '0', '0', '0', '0', '2608', '31296', '14115', '169380', '1039', '12468', '106', '1272', '0', '0', '0', '0', '0', '0', '0', '0', '1145', '13740', '12970', '155640', '14115', '169380', '1126', '13512', '459', '5508', '0', '0', '0', '0', '15700', '188400', '2023-06-26 23:40:31'),
(4, '7', '8658', '103896', '2165', '25980', '0', '0', '0', '0', '684', '8208', '0', '0', '0', '0', '0', '0', '2608', '31296', '14115', '169380', '1039', '12468', '106', '1272', '0', '0', '0', '0', '0', '0', '0', '0', '1145', '13740', '12970', '155640', '14115', '169380', '1126', '13512', '459', '5508', '0', '0', '0', '0', '15700', '188400', '2023-06-26 23:44:11'),
(5, '3', '8658', '103896', '2165', '25980', '0', '0', '0', '0', '848', '10176', '0', '0', '0', '0', '0', '0', '2443', '29316', '14114', '169368', '1039', '12468', '106', '1272', '0', '0', '0', '0', '0', '0', '0', '0', '1145', '13740', '12969', '155628', '14114', '169368', '1126', '13512', '459', '5508', '0', '0', '0', '0', '15699', '188388', '2023-06-26 23:48:10'),
(6, '11', '7358', '88296', '1104', '13248', '0', '0', '0', '0', '675', '8100', '0', '0', '0', '0', '0', '0', '590', '7080', '9727', '116724', '883', '10596', '73', '876', '0', '0', '0', '0', '0', '0', '0', '0', '956', '11472', '8771', '105252', '9727', '116724', '957', '11484', '316', '3792', '0', '0', '0', '0', '11000', '132000', '2023-06-26 23:51:41'),
(7, '10', '7358', '88296', '1104', '13248', '0', '0', '0', '0', '675', '8100', '0', '0', '0', '0', '0', '0', '590', '7080', '9727', '116724', '883', '10596', '73', '876', '0', '-', '0', '-', '0', '-', '0', '0', '956', '11472', '8771', '105252', '9727', '116724', '957', '11484', '316', '3792', '0', '0', '0', '0', '11000', '132000', '2023-06-26 23:54:17'),
(8, '12', '8658', '103896', '2165', '25980', '0', '0', '0', '0', '771', '9252', '0', '0', '0', '0', '0', '0', '1843', '22116', '13437', '161244', '1039', '12468', '101', '1212', '0', '0', '0', '0', '0', '0', '0', '0', '1140', '13680', '12297', '147564', '13437', '161244', '1126', '13512', '437', '5244', '0', '0', '0', '0', '15000', '180000', '2023-06-26 23:58:35'),
(9, '8', '8658', '103896', '4329', '51948', '0', '0', '0', '0', '715', '8580', '0', '0', '0', '0', '0', '0', '4094', '49128', '17796', '213552', '1039', '12468', '133', '1596', '0', '0', '0', '0', '0', '0', '0', '', '1172', '14064', '16624', '199488', '17796', '213552', '1126', '13512', '578', '6936', '0', '0', '0', '0', '19500', '234000', '2023-06-27 00:02:15'),
(10, '14', '7358', '88296', '1104', '13248', '0', '0', '0', '0', '620', '7440', '0', '0', '0', '0', '0', '0', '1613', '19356', '10695', '128340', '883', '10596', '80', '960', '0', '0', '0', '0', '0', '0', '0', '0', '963', '11556', '9732', '116784', '10695', '128340', '957', '11484', '348', '4176', '0', '0', '0', '0', '12000', '144000', '2023-06-27 00:05:41'),
(11, '13', '7358', '88296', '1104', '13248', '0', '0', '0', '0', '620', '7440', '0', '0', '0', '0', '0', '0', '1613', '19356', '10695', '128340', '883', '10596', '80', '960', '0', '0', '0', '0', '0', '0', '0', '0', '963', '11556', '9732', '116784', '10695', '128340', '957', '11484', '348', '4176', '0', '0', '0', '0', '12000', '144000', '2023-06-27 00:13:01'),
(12, '9', '8658', '103896', '2165', '25980', '0', '0', '0', '0', '771', '9252', '0', '0', '0', '0', '0', '0', '1843', '22116', '13437', '161244', '1039', '12468', '101', '1212', '0', '0', '0', '0', '0', '0', '0', '0', '1140', '13680', '12297', '147564', '13437', '161244', '1126', '13512', '437', '5244', '0', '0', '0', '0', '15000', '180000', '2023-06-27 00:15:50'),
(13, '18', '7358', '88296', '1104', '13248', '0', '0', '0', '0', '675', '8100', '0', '0', '0', '0', '0', '0', '590', '7080', '9727', '116724', '883', '10596', '73', '876', '0', '0', '0', '0', '0', '0', '0', '0', '956', '11472', '8771', '105252', '9727', '116724', '957', '11484', '316', '3792', '0', '0', '0', '0', '11000', '132000', '2023-06-27 00:18:21'),
(14, '5', '8658', '103896', '2165', '25980', '0', '0', '0', '0', '771', '9252', '0', '0', '0', '0', '0', '0', '1843', '22116', '13437', '161244', '1039', '12468', '101', '1212', '0', '0', '0', '0', '0', '0', '0', '0', '1140', '13680', '12297', '147564', '13437', '161244', '1126', '13512', '437', '5244', '0', '0', '0', '0', '15000', '180000', '2023-06-27 00:20:45'),
(15, '16', '7358', '88296', '1104', '13248', '0', '0', '0', '0', '1171', '14052', '0', '0', '0', '0', '0', '0', '578', '6936', '10211', '122532', '883', '10596', '77', '924', '0', '0', '0', '0', '0', '0', '0', '0', '960', '11520', '9251', '111012', '10211', '122532', '957', '11484', '332', '3984', '0', '0', '0', '0', '11500', '138000', '2023-06-27 00:23:11'),
(16, '15', '7358', '88296', '1104', '13248', '0', '0', '0', '0', '620', '7440', '0', '0', '0', '0', '0', '0', '1613', '19356', '10695', '128340', '883', '10596', '80', '960', '0', '0', '0', '0', '0', '0', '0', '0', '963', '11556', '9732', '116784', '10695', '128340', '957', '11484', '348', '4176', '0', '0', '0', '0', '12000', '144000', '2023-06-27 00:26:02'),
(17, '17', '7046', '84552', '257', '3084', '0', '0', '0', '0', '0', '0', '0', '0', '0', '0', '0', '0', '527', '6324', '7830', '93960', '846', '10152', '59', '708', '0', '0', '0', '0', '0', '0', '0', '0', '905', '10860', '6925', '83100', '7830', '93960', '916', '10992', '254', '3048', '0', '0', '0', '0', '9000', '108000', '2023-06-27 00:29:05'),
(18, '4', '8658', '103896', '2165', '25980', '0', '0', '0', '0', '856', '10272', '0', '0', '0', '0', '0', '0', '3446', '41352', '15125', '181500', '1039', '12468', '113', '1356', '0', '0', '0', '0', '0', '0', '0', '0', '1152', '13824', '13973', '167676', '15125', '181500', '1126', '13512', '492', '5904', '0', '0', '0', '0', '16743', '200916', '2023-06-27 00:31:56'),
(19, '19', '13500', '162000', '5000', '60000', '0', '0', '0', '0', '1250', '15000', '0', '0', '0', '0', '0', '0', '2495', '29940', '22245', '266940', '1620', '19440', '0', '0', '0', '0', '0', '0', '0', '0', '0', '0', '1620', '19440', '20625', '247500', '22245', '266940', '1755', '21060', '0', '0', '0', '0', '0', '0', '24000', '288000', '2023-06-27 00:34:34'),
(20, '2', '8658', '103896', '4329', '51948', '', '-', '', '-', '848', '10176', '', '-', '', '-', '', '-', '4897', '58764', '18732', '224784', '1039', '12468', '140', '1680', '', '-', '', '-', '', '-', '', '', '1179', '14148', '17553', '210636', '18732', '224784', '1126', '13512', '609', '7308', '', '-', '', '-', '20467', '245604', '2023-08-28 06:24:06');

-- --------------------------------------------------------

--
-- Table structure for table `months`
--

CREATE TABLE `months` (
  `Id` int(11) NOT NULL,
  `months` varchar(200) NOT NULL
) ENGINE=InnoDB DEFAULT CHARSET=utf8mb4 COLLATE=utf8mb4_general_ci;

--
-- Dumping data for table `months`
--

INSERT INTO `months` (`Id`, `months`) VALUES
(1, 'January'),
(2, 'February'),
(3, 'March'),
(4, 'April'),
(5, 'May'),
(6, 'June'),
(7, 'July'),
(8, 'August'),
(9, 'September'),
(10, 'October'),
(11, 'November'),
(12, 'December');

-- --------------------------------------------------------

--
-- Table structure for table `project_assignment`
--

CREATE TABLE `project_assignment` (
  `Id` int(11) NOT NULL,
  `user_id` varchar(100) NOT NULL,
  `project_id` varchar(100) NOT NULL,
  `start_date` varchar(100) NOT NULL,
  `created_on` timestamp NOT NULL DEFAULT current_timestamp()
) ENGINE=InnoDB DEFAULT CHARSET=utf8mb4 COLLATE=utf8mb4_general_ci;

--
-- Dumping data for table `project_assignment`
--

INSERT INTO `project_assignment` (`Id`, `user_id`, `project_id`, `start_date`, `created_on`) VALUES
(1, '2,3', '1\n', '06-07-2023', '2023-07-06 09:23:33'),
(2, '4,5', '2\n', '06-07-2023', '2023-07-06 09:23:33'),
(3, '6,7', '3\n', '06-07-2023', '2023-07-06 09:24:00'),
(4, '8,9', '4\n', '06-07-2023', '2023-07-06 09:34:00'),
(5, '2,3,5', '2', '28-06-2023\n', '2023-07-06 10:22:17'),
(6, '2,4', '5', '26-07-2023\n', '2023-07-06 09:53:00'),
(7, '8,11', '5\n', '27-06-2023\n', '2023-07-06 09:54:00'),
(8, '17,18,19\n', '1\n', '08-06-2023\n', '2023-07-06 09:55:09'),
(9, '7,18\n', '3\n', '29-06-2023\n', '2023-07-06 09:55:00'),
(10, '8,19\n', '4\n', '21-06-2023\n', '2023-07-06 09:56:33'),
(11, '19\n', '5\n', '06-07-2023\n', '2023-07-06 09:57:02'),
(12, '13,14,15\n', '5\n', '22-06-2023\n', '2023-07-06 10:05:08'),
(13, '15,16', '5', '05-07-2023\n', '2023-07-06 10:08:01');

-- --------------------------------------------------------

--
-- Table structure for table `project_manganement`
--

CREATE TABLE `project_manganement` (
  `project_id` int(11) NOT NULL,
  `project_name` varchar(250) NOT NULL,
  `start_date` varchar(100) NOT NULL,
  `created_on` timestamp NOT NULL DEFAULT current_timestamp(),
  `update_on` timestamp NULL DEFAULT NULL
) ENGINE=InnoDB DEFAULT CHARSET=utf8mb4 COLLATE=utf8mb4_general_ci;

--
-- Dumping data for table `project_manganement`
--

INSERT INTO `project_manganement` (`project_id`, `project_name`, `start_date`, `created_on`, `update_on`) VALUES
(1, 'LTSCRM', '2023-06-28', '2023-06-28 05:14:53', '2023-06-29 12:07:47'),
(2, 'EARTHING', '2023-06-22', '2023-06-28 01:54:43', '2023-06-28 05:09:33'),
(3, 'LATECH_SOLUTIONS', '2023-06-27', '2023-06-28 01:55:55', '2023-06-28 05:09:33'),
(4, 'MARTH PROJECT', '2023-06-13', '2023-06-28 05:18:39', NULL),
(5, 'HELPDESK', '2023-06-19', '2023-06-28 05:18:56', NULL);

-- --------------------------------------------------------

--
-- Table structure for table `roles`
--

CREATE TABLE `roles` (
  `role_id` int(10) UNSIGNED NOT NULL,
  `role_name` varchar(50) NOT NULL,
  `permission_for_add` varchar(200) NOT NULL,
  `permission_for_edit` varchar(200) NOT NULL,
  `permission_for_view` varchar(200) NOT NULL,
  `permission_for_delete` varchar(200) NOT NULL
) ENGINE=InnoDB DEFAULT CHARSET=utf8mb4 COLLATE=utf8mb4_general_ci;

--
-- Dumping data for table `roles`
--

INSERT INTO `roles` (`role_id`, `role_name`, `permission_for_add`, `permission_for_edit`, `permission_for_view`, `permission_for_delete`) VALUES
(1, 'owner', '1', '1', '1', '1'),
(2, 'HELPDESK ENGINEER', '0', '0', '1', '0'),
(3, 'SOFTWARE  ENGINEER', '0', '0', '1', '0'),
(4, 'SENIOR SOFTWARE ENGINEER', '0', '1', '1', '0'),
(5, 'PROJECT MANAGER', '1', '1', '1', '1');

-- --------------------------------------------------------

--
-- Table structure for table `salary_release_mode`
--

CREATE TABLE `salary_release_mode` (
  `Id` int(11) NOT NULL,
  `Salary_mode` varchar(200) NOT NULL
) ENGINE=InnoDB DEFAULT CHARSET=utf8mb4 COLLATE=utf8mb4_general_ci;

--
-- Dumping data for table `salary_release_mode`
--

INSERT INTO `salary_release_mode` (`Id`, `Salary_mode`) VALUES
(1, 'CASH'),
(2, 'CHEQUE'),
(3, 'NEFT');

-- --------------------------------------------------------

--
-- Table structure for table `send_sms`
--

CREATE TABLE `send_sms` (
  `Id` int(11) NOT NULL,
  `apikey` varchar(200) NOT NULL,
  `mobile_numbers` varchar(100) NOT NULL,
  `sender` varchar(200) NOT NULL,
  `message` varchar(2000) NOT NULL,
  `created_on` timestamp NOT NULL DEFAULT current_timestamp()
) ENGINE=InnoDB DEFAULT CHARSET=utf8mb4 COLLATE=utf8mb4_general_ci;

-- --------------------------------------------------------

--
-- Table structure for table `session_log`
--

CREATE TABLE `session_log` (
  `Id` int(11) NOT NULL,
  `Session_ID` varchar(200) NOT NULL,
  `Page_Name` varchar(200) NOT NULL,
  `Emp_Id` varchar(150) NOT NULL,
  `CreatedOn` timestamp NOT NULL DEFAULT current_timestamp()
) ENGINE=InnoDB DEFAULT CHARSET=utf8mb4 COLLATE=utf8mb4_general_ci;

-- --------------------------------------------------------

--
-- Table structure for table `states`
--

CREATE TABLE `states` (
  `state_id` int(11) NOT NULL,
  `country_id` int(11) NOT NULL,
  `state_name` varchar(50) NOT NULL,
  `status` tinyint(1) NOT NULL DEFAULT 1 COMMENT '1=Active | 0=Inactive'
) ENGINE=InnoDB DEFAULT CHARSET=utf8 COLLATE=utf8_unicode_ci;

--
-- Dumping data for table `states`
--

INSERT INTO `states` (`state_id`, `country_id`, `state_name`, `status`) VALUES
(1, 1, 'New York', 1),
(2, 1, 'Los Angeles', 1),
(3, 2, 'British Columbia', 1),
(4, 2, 'Torentu', 1),
(5, 3, 'Andhra Pradesh', 1),
(6, 3, 'Arunachal Pradesh', 1),
(7, 3, 'Assam', 1),
(8, 3, 'Bihar', 1),
(9, 3, 'Chhattisgarh', 1),
(10, 3, 'Goa', 1),
(11, 3, 'Gujarat', 1),
(12, 3, 'Haryana', 1),
(13, 3, 'Himachal Pradesh', 1),
(14, 3, 'Jharkhand', 1),
(15, 3, 'Karnataka', 1),
(16, 3, 'Kerala', 1),
(17, 3, 'Madhya Pradesh', 1),
(18, 3, 'Maharashtra', 1),
(19, 3, 'Nagpur', 1),
(20, 3, 'Manipur', 1),
(21, 3, 'Meghalaya', 1),
(22, 3, 'Mizoram', 1),
(23, 3, 'Nagaland', 1),
(24, 3, 'Odisha', 1),
(25, 3, 'Punjab', 1),
(26, 3, 'Rajasthan', 1),
(27, 3, 'Sikkim', 1),
(28, 3, 'Tamil Nadu', 1),
(29, 3, 'Telangana', 1),
(30, 3, 'Tripura', 1),
(31, 3, 'Uttar Pradesh', 1),
(32, 3, 'Uttarakhand', 1),
(33, 3, 'Dehradun', 1),
(34, 3, 'West Bengal', 1);

-- --------------------------------------------------------

--
-- Table structure for table `ticket_system`
--

CREATE TABLE `ticket_system` (
  `Id` int(11) NOT NULL,
  `user_id` varchar(200) NOT NULL,
  `ticket_no` varchar(200) NOT NULL,
  `type_of_ticket` varchar(200) NOT NULL,
  `complain_issue` varchar(2000) NOT NULL,
  `status` varchar(100) NOT NULL,
  `ticket_close_date` varchar(200) NOT NULL,
  `admin_remarks` varchar(2000) NOT NULL,
  `CreatedOn` timestamp NOT NULL DEFAULT current_timestamp(),
  `UpdatedOn` datetime NOT NULL DEFAULT current_timestamp() ON UPDATE current_timestamp()
) ENGINE=InnoDB DEFAULT CHARSET=utf8mb4 COLLATE=utf8mb4_general_ci;

--
-- Dumping data for table `ticket_system`
--

INSERT INTO `ticket_system` (`Id`, `user_id`, `ticket_no`, `type_of_ticket`, `complain_issue`, `status`, `ticket_close_date`, `admin_remarks`, `CreatedOn`, `UpdatedOn`) VALUES
(1, '3', 'LTS-TIC-1', '1', 'COMPLAIN/ISSUE TESTING', '2', '2023-07-13 17:21:21', 'ADMIN REMARKS FOR ID 1', '2023-07-13 09:10:01', '2023-07-13 17:21:21'),
(2, '2', 'LTS-TIC-2', '2', 'COMPLAIN/ISSUE SALARY RELATED ISSUE', '1', '2023-07-13 17:25:30', 'AFSSDFSDFASDF', '2023-07-13 09:10:18', '2023-07-13 17:25:30');

--
-- Indexes for dumped tables
--

--
-- Indexes for table `add_salary_slip`
--
ALTER TABLE `add_salary_slip`
  ADD PRIMARY KEY (`Idd`);

--
-- Indexes for table `cities`
--
ALTER TABLE `cities`
  ADD PRIMARY KEY (`city_id`);

--
-- Indexes for table `complaint_status`
--
ALTER TABLE `complaint_status`
  ADD PRIMARY KEY (`Id`);

--
-- Indexes for table `complaint_type`
--
ALTER TABLE `complaint_type`
  ADD PRIMARY KEY (`Id`);

--
-- Indexes for table `countries`
--
ALTER TABLE `countries`
  ADD PRIMARY KEY (`country_id`);

--
-- Indexes for table `department`
--
ALTER TABLE `department`
  ADD PRIMARY KEY (`dept_id`);

--
-- Indexes for table `designation`
--
ALTER TABLE `designation`
  ADD PRIMARY KEY (`desig_id`);

--
-- Indexes for table `earthing_gp`
--
ALTER TABLE `earthing_gp`
  ADD PRIMARY KEY (`Id`);

--
-- Indexes for table `earthing_gp_codes`
--
ALTER TABLE `earthing_gp_codes`
  ADD PRIMARY KEY (`Id`);

--
-- Indexes for table `employee`
--
ALTER TABLE `employee`
  ADD PRIMARY KEY (`Id`),
  ADD KEY `idx_employee_id` (`Id`);

--
-- Indexes for table `employee_attendence`
--
ALTER TABLE `employee_attendence`
  ADD PRIMARY KEY (`Id`);

--
-- Indexes for table `master_salary_data`
--
ALTER TABLE `master_salary_data`
  ADD PRIMARY KEY (`Id`);

--
-- Indexes for table `months`
--
ALTER TABLE `months`
  ADD PRIMARY KEY (`Id`);

--
-- Indexes for table `project_assignment`
--
ALTER TABLE `project_assignment`
  ADD PRIMARY KEY (`Id`);

--
-- Indexes for table `roles`
--
ALTER TABLE `roles`
  ADD PRIMARY KEY (`role_id`);

--
-- Indexes for table `salary_release_mode`
--
ALTER TABLE `salary_release_mode`
  ADD PRIMARY KEY (`Id`);

--
-- Indexes for table `send_sms`
--
ALTER TABLE `send_sms`
  ADD PRIMARY KEY (`Id`);

--
-- Indexes for table `session_log`
--
ALTER TABLE `session_log`
  ADD PRIMARY KEY (`Id`);

--
-- Indexes for table `states`
--
ALTER TABLE `states`
  ADD PRIMARY KEY (`state_id`);

--
-- Indexes for table `ticket_system`
--
ALTER TABLE `ticket_system`
  ADD PRIMARY KEY (`Id`);

--
-- AUTO_INCREMENT for dumped tables
--

--
-- AUTO_INCREMENT for table `add_salary_slip`
--
ALTER TABLE `add_salary_slip`
  MODIFY `Idd` int(11) NOT NULL AUTO_INCREMENT, AUTO_INCREMENT=110;

--
-- AUTO_INCREMENT for table `cities`
--
ALTER TABLE `cities`
  MODIFY `city_id` int(11) NOT NULL AUTO_INCREMENT, AUTO_INCREMENT=85;

--
-- AUTO_INCREMENT for table `complaint_status`
--
ALTER TABLE `complaint_status`
  MODIFY `Id` int(11) NOT NULL AUTO_INCREMENT, AUTO_INCREMENT=3;

--
-- AUTO_INCREMENT for table `complaint_type`
--
ALTER TABLE `complaint_type`
  MODIFY `Id` int(11) NOT NULL AUTO_INCREMENT, AUTO_INCREMENT=5;

--
-- AUTO_INCREMENT for table `countries`
--
ALTER TABLE `countries`
  MODIFY `country_id` int(11) NOT NULL AUTO_INCREMENT, AUTO_INCREMENT=4;

--
-- AUTO_INCREMENT for table `department`
--
ALTER TABLE `department`
  MODIFY `dept_id` int(11) NOT NULL AUTO_INCREMENT, AUTO_INCREMENT=8;

--
-- AUTO_INCREMENT for table `designation`
--
ALTER TABLE `designation`
  MODIFY `desig_id` int(11) NOT NULL AUTO_INCREMENT, AUTO_INCREMENT=10;

--
-- AUTO_INCREMENT for table `earthing_gp`
--
ALTER TABLE `earthing_gp`
  MODIFY `Id` int(11) NOT NULL AUTO_INCREMENT, AUTO_INCREMENT=3;

--
-- AUTO_INCREMENT for table `earthing_gp_codes`
--
ALTER TABLE `earthing_gp_codes`
  MODIFY `Id` int(11) NOT NULL AUTO_INCREMENT, AUTO_INCREMENT=2;

--
-- AUTO_INCREMENT for table `employee`
--
ALTER TABLE `employee`
  MODIFY `Id` int(11) NOT NULL AUTO_INCREMENT, AUTO_INCREMENT=24;

--
-- AUTO_INCREMENT for table `employee_attendence`
--
ALTER TABLE `employee_attendence`
  MODIFY `Id` int(11) NOT NULL AUTO_INCREMENT, AUTO_INCREMENT=86;

--
-- AUTO_INCREMENT for table `master_salary_data`
--
ALTER TABLE `master_salary_data`
  MODIFY `Id` int(11) NOT NULL AUTO_INCREMENT, AUTO_INCREMENT=21;

--
-- AUTO_INCREMENT for table `months`
--
ALTER TABLE `months`
  MODIFY `Id` int(11) NOT NULL AUTO_INCREMENT, AUTO_INCREMENT=13;

--
-- AUTO_INCREMENT for table `project_assignment`
--
ALTER TABLE `project_assignment`
  MODIFY `Id` int(11) NOT NULL AUTO_INCREMENT, AUTO_INCREMENT=14;

--
-- AUTO_INCREMENT for table `roles`
--
ALTER TABLE `roles`
  MODIFY `role_id` int(10) UNSIGNED NOT NULL AUTO_INCREMENT, AUTO_INCREMENT=6;

--
-- AUTO_INCREMENT for table `salary_release_mode`
--
ALTER TABLE `salary_release_mode`
  MODIFY `Id` int(11) NOT NULL AUTO_INCREMENT, AUTO_INCREMENT=4;

--
-- AUTO_INCREMENT for table `send_sms`
--
ALTER TABLE `send_sms`
  MODIFY `Id` int(11) NOT NULL AUTO_INCREMENT;

--
-- AUTO_INCREMENT for table `session_log`
--
ALTER TABLE `session_log`
  MODIFY `Id` int(11) NOT NULL AUTO_INCREMENT;

--
-- AUTO_INCREMENT for table `states`
--
ALTER TABLE `states`
  MODIFY `state_id` int(11) NOT NULL AUTO_INCREMENT, AUTO_INCREMENT=35;

--
-- AUTO_INCREMENT for table `ticket_system`
--
ALTER TABLE `ticket_system`
  MODIFY `Id` int(11) NOT NULL AUTO_INCREMENT, AUTO_INCREMENT=3;
COMMIT;

/*!40101 SET CHARACTER_SET_CLIENT=@OLD_CHARACTER_SET_CLIENT */;
/*!40101 SET CHARACTER_SET_RESULTS=@OLD_CHARACTER_SET_RESULTS */;
/*!40101 SET COLLATION_CONNECTION=@OLD_COLLATION_CONNECTION */;
